detect_lat,detect_lon,vessel_length_m,source,detect_scene_row,detect_scene_column,is_vessel,is_fishing,distance_from_shore_km,scene_id,confidence,top,left,bottom,right,detect_id
6.468819103,3.476075107,,manual,2733.0,5510.0,True,,1.790031299665615,590dd08f71056cacv,LOW,7849.0,7553.0,7857.0,7563.0,590dd08f71056cacv_006.46881910300000040337_003.47607510700000021941
6.473973536,3.477888679,,manual,2676.0,5530.0,True,,2.373639702949395,590dd08f71056cacv,MEDIUM,7793.0,7574.0,7799.0,7582.0,590dd08f71056cacv_006.47397353599999991758_003.47788867899999987188
6.46592333,3.477248063,,manual,2765.0,5523.0,True,,1.4814829789743045,590dd08f71056cacv,MEDIUM,7883.0,7567.0,7887.0,7576.0,590dd08f71056cacv_006.46592332999999985788_003.47724806299999977810
6.357360227,3.383746056,,ais/manual,3966.0,4490.0,False,,4.369902474210178,590dd08f71056cacv,HIGH,9079.0,6532.0,9093.0,6544.0,590dd08f71056cacv_006.35736022700000003027_003.38374605600000011307
6.478086587,3.526457589,,manual,2630.0,6067.0,True,,1.919826390263734,590dd08f71056cacv,LOW,7745.0,8111.0,7755.0,8119.0,590dd08f71056cacv_006.47808658699999995179_003.52645758900000005909
6.478268908,3.525101217,,manual,2628.0,6052.0,True,,1.8944723666791379,590dd08f71056cacv,LOW,7745.0,8093.0,7751.0,8107.0,590dd08f71056cacv_006.47826890800000043669_003.52510121700000000899
6.364316709,3.395596102,,manual,3889.0,4621.0,True,,3.5961294622759215,590dd08f71056cacv,MEDIUM,9004.0,6663.0,9015.0,6675.0,590dd08f71056cacv_006.36431670899999968327_003.39559610199999983848
6.35255528,3.254083684,,manual,4020.0,3056.0,True,,5.604944287276899,590dd08f71056cacv,MEDIUM,9136.0,5100.0,9144.0,5108.0,590dd08f71056cacv_006.35255527999999980437_003.25408368399999980980
6.377374765,3.465772644,,manual,3744.0,5397.0,True,,4.677921392829513,590dd08f71056cacv,MEDIUM,8858.0,7436.0,8870.0,7454.0,590dd08f71056cacv_006.37737476499999988988_003.46577264399999984690
6.052619178,3.353614514,,manual,7335.0,4159.0,True,,9999.99,590dd08f71056cacv,MEDIUM,12450.0,6203.0,12460.0,6211.0,590dd08f71056cacv_006.05261917799999960010_003.35361451400000021295
6.440297959,3.401894409,,manual,3049.0,4690.0,True,,0.07655826815791468,590dd08f71056cacv,LOW,8165.0,6734.0,8173.0,6742.0,590dd08f71056cacv_006.44029795899999957243_003.40189440900000006351
6.44111245,3.401442888,,manual,3040.0,4685.0,True,,0.024584797575254377,590dd08f71056cacv,LOW,8157.0,6730.0,8163.0,6736.0,590dd08f71056cacv_006.44111245000000032235_003.40144288800000005324
6.422745678,3.405859502,,manual,3243.0,4734.0,True,,0.23320096036842658,590dd08f71056cacv,LOW,8360.0,6778.0,8366.0,6786.0,590dd08f71056cacv_006.42274567800000006912_003.40585950200000020516
6.364142024,3.387367846,,manual,3891.0,4530.0,True,,3.6001472523745903,590dd08f71056cacv,MEDIUM,9006.0,6572.0,9017.0,6584.0,590dd08f71056cacv_006.36414202400000039717_003.38736784600000007117
6.563313414,3.413208425,,manual,1689.0,4814.0,True,,0.5725683873526315,590dd08f71056cacv,LOW,6805.0,6860.0,6813.0,6864.0,590dd08f71056cacv_006.56331341399999956820_003.41320842500000010133
6.562771257,3.412484347,,manual,1695.0,4806.0,True,,0.658064972006447,590dd08f71056cacv,LOW,6813.0,6850.0,6817.0,6858.0,590dd08f71056cacv_006.56277125699999963615_003.41248434699999991793
6.372245897,3.434482809,,manual,3801.0,5051.0,True,,5.206988805731582,590dd08f71056cacv,MEDIUM,8912.0,7091.0,8930.0,7107.0,590dd08f71056cacv_006.37224589699999999226_003.43448280899999991433
6.41195397,3.438675954,,manual,3362.0,5097.0,True,,1.1100670899994034,590dd08f71056cacv,LOW,8479.0,7144.0,8485.0,7146.0,590dd08f71056cacv_006.41195396999999989163_003.43867595399999981254
6.292241858,3.198091815,,manual,4687.0,2437.0,True,,9999.99,590dd08f71056cacv,MEDIUM,9797.0,4480.0,9817.0,4490.0,590dd08f71056cacv_006.29224185799999968793_003.19809181500000017095
6.475811478,3.53947814,,manual,2655.0,6211.0,True,,1.040977240177501,590dd08f71056cacv,LOW,7771.0,8256.0,7779.0,8262.0,590dd08f71056cacv_006.47581147799999978787_003.53947813999999993939
6.374366289,3.384301204,,manual,3778.0,4496.0,True,,2.490605838185681,590dd08f71056cacv,MEDIUM,8892.0,6542.0,8904.0,6546.0,590dd08f71056cacv_006.37436628900000012976_003.38430120399999978531
6.347149923,3.367644424,,manual,4079.0,4312.0,True,,5.643452079819349,590dd08f71056cacv,LOW,9194.0,6356.0,9204.0,6364.0,590dd08f71056cacv_006.34714992299999991587_003.36764442399999985867
6.466750252,3.463412116,,manual,2756.0,5370.0,True,,1.269537799863707,590dd08f71056cacv,LOW,7873.0,7416.0,7879.0,7421.0,590dd08f71056cacv_006.46675025199999975456_003.46341211600000020709
6.465121502,3.463953248,,manual,2774.0,5376.0,True,,1.1628020600446753,590dd08f71056cacv,LOW,7891.0,7420.0,7897.0,7429.0,590dd08f71056cacv_006.46512150199999968692_003.46395324800000015131
6.463129428,3.466121885,,manual,2796.0,5400.0,True,,1.1982249094842146,590dd08f71056cacv,LOW,7912.0,7445.0,7920.0,7451.0,590dd08f71056cacv_006.46312942800000023169_003.46612188500000018010
6.464667225,3.466123293,,manual,2779.0,5400.0,True,,1.2996318454502622,590dd08f71056cacv,MEDIUM,7895.0,7441.0,7903.0,7455.0,590dd08f71056cacv_006.46466722500000035012_003.46612329299999988308
6.411323953,3.059690495,,manual,3371.0,906.0,True,,1.2403223574321998,590dd08f71056cacv,MEDIUM,8485.0,2948.0,8497.0,2960.0,590dd08f71056cacv_006.41132395300000013094_003.05969049499999989905
6.376920986,3.415995247,,ais,3749.0,4846.0,False,,3.28692635796775,590dd08f71056cacv,HIGH,,,,,590dd08f71056cacv_006.37692098600000001341_003.41599524700000012345
6.481928356,3.570776055,,manual,2587.0,6557.0,True,,0.27071661867668767,590dd08f71056cacv,LOW,7705.0,8603.0,7709.0,8607.0,590dd08f71056cacv_006.48192835600000005769_003.57077605500000005989
6.090560422,3.68882309,,ais/manual,6912.0,7868.0,False,,9999.99,590dd08f71056cacv,HIGH,12027.0,9914.0,12037.0,9918.0,590dd08f71056cacv_006.09056042200000025133_003.68882309000000008226
6.349312773,3.223520932,,manual,4056.0,2718.0,True,,5.781257835456346,590dd08f71056cacv,MEDIUM,9171.0,4762.0,9181.0,4770.0,590dd08f71056cacv_006.34931277300000029840_003.22352093200000000550
6.352566719,3.382567083,,manual,4019.0,4477.0,True,,4.908029284712045,590dd08f71056cacv,MEDIUM,9133.0,6519.0,9145.0,6532.0,590dd08f71056cacv_006.35256671900000036146_003.38256708300000008549
6.370424487,3.448767552,,manual,3821.0,5209.0,True,,5.599812275927319,590dd08f71056cacv,LOW,8932.0,7254.0,8951.0,7260.0,590dd08f71056cacv_006.37042448700000019102_003.44876755200000006951
6.44848112,3.459506884,,manual,2958.0,5327.0,True,,0.24550385954153542,590dd08f71056cacv,LOW,8075.0,7372.0,8081.0,7378.0,590dd08f71056cacv_006.44848112000000028843_003.45950688400000005984
6.495853208,3.575675481,,manual,2433.0,6611.0,True,,1.150644191656793,590dd08f71056cacv,LOW,7550.0,8657.0,7556.0,8661.0,590dd08f71056cacv_006.49585320799999976771_003.57567548100000021094
6.497026778,3.577756934,,manual,2420.0,6634.0,True,,1.3921421960448492,590dd08f71056cacv,LOW,7538.0,8681.0,7542.0,8683.0,590dd08f71056cacv_006.49702677800000039099_003.57775693399999994426
6.496848131,3.575767051,,manual,2422.0,6612.0,True,,1.1712360477894437,590dd08f71056cacv,LOW,7540.0,8659.0,7544.0,8661.0,590dd08f71056cacv_006.49684813100000013719_003.57576705100000014070
6.471403308,3.417655086,,manual,2705.0,4864.0,True,,1.2653240453079608,590dd08f71056cacv,LOW,7822.0,6907.0,7828.0,6917.0,590dd08f71056cacv_006.47140330800000018741_003.41765508599999989769
6.468870748,3.417291258,,manual,2733.0,4860.0,True,,1.0086773004721132,590dd08f71056cacv,LOW,7851.0,6905.0,7855.0,6911.0,590dd08f71056cacv_006.46887074799999961527_003.41729125800000010926
6.466156824,3.417469905,,manual,2763.0,4862.0,True,,0.7117086647403837,590dd08f71056cacv,LOW,7879.0,6905.0,7887.0,6915.0,590dd08f71056cacv_006.46615682399999958108_003.41746990499999991897
6.471308812,3.422538634,,manual,2706.0,4918.0,True,,1.0977280650693573,590dd08f71056cacv,LOW,7824.0,6961.0,7829.0,6972.0,590dd08f71056cacv_006.47130881200000018794_003.42253863399999991302
6.331897098,3.616989995,,manual,4245.0,7070.0,True,,9.843425354109069,590dd08f71056cacv,MEDIUM,9357.0,9116.0,9373.0,9120.0,590dd08f71056cacv_006.33189709799999977946_003.61698999499999995777
6.369110593,3.396232709,,manual,3836.0,4628.0,True,,3.079233469312022,590dd08f71056cacv,MEDIUM,8948.0,6673.0,8964.0,6679.0,590dd08f71056cacv_006.36911059300000026440_003.39623270899999996075
6.371277855,3.401117056,,manual,3812.0,4682.0,True,,2.973281783881803,590dd08f71056cacv,MEDIUM,8930.0,6729.0,8934.0,6731.0,590dd08f71056cacv_006.37127785499999976793_003.40111705599999991634
6.453450686,3.465751295,,manual,2903.0,5396.0,True,,0.6077395357326177,590dd08f71056cacv,MEDIUM,8020.0,7439.0,8026.0,7449.0,590dd08f71056cacv_006.45345068600000004722_003.46575129500000000959
6.394362791,3.222817025,,ais/manual,3558.0,2710.0,False,,0.8634936920072709,590dd08f71056cacv,HIGH,8673.0,4754.0,8683.0,4762.0,590dd08f71056cacv_006.39436279099999982378_003.22281702499999989087
6.601797678,3.470954172,,manual,1263.0,5452.0,True,,0.43324740514885385,590dd08f71056cacv,MEDIUM,6377.0,7498.0,6389.0,7502.0,590dd08f71056cacv_006.60179767799999961397_003.47095417199999989322
6.602525766,3.466250913,,manual,1255.0,5400.0,True,,0.08158043108692105,590dd08f71056cacv,MEDIUM,6371.0,7446.0,6379.0,7450.0,590dd08f71056cacv_006.60252576600000029572_003.46625091300000010008
6.603701721,3.466252014,,manual,1242.0,5400.0,True,,0.002353394854289945,590dd08f71056cacv,MEDIUM,6357.0,7446.0,6367.0,7450.0,590dd08f71056cacv_006.60370172100000019100_003.46625201400000015894
6.533611452,3.541710517,,manual,2016.0,6235.0,True,,0.5872319901896013,590dd08f71056cacv,LOW,7131.0,8279.0,7141.0,8287.0,590dd08f71056cacv_006.53361145199999970856_003.54171051699999983597
6.469958619,3.513516822,,manual,2720.0,5924.0,True,,1.017421343581678,590dd08f71056cacv,LOW,7838.0,7970.0,7842.0,7974.0,590dd08f71056cacv_006.46995861899999979983_003.51351682200000015044
6.473396752,3.512796801,,manual,2682.0,5916.0,True,,1.3980908688845397,590dd08f71056cacv,MEDIUM,7797.0,7960.0,7807.0,7968.0,590dd08f71056cacv_006.47339675200000019828_003.51279680099999991327
6.342894619,3.212577752,,ais/manual,4127.0,2597.0,False,,6.429341877374007,590dd08f71056cacv,HIGH,9241.0,4641.0,9253.0,4649.0,590dd08f71056cacv_006.34289461899999995609_003.21257775200000006421
6.564348101,3.470828429,,manual,1677.0,5451.0,True,,0.16460198989277644,590dd08f71056cacv,LOW,6794.0,7496.0,6800.0,7502.0,590dd08f71056cacv_006.56434810100000021293_003.47082842899999999275
6.567854634,3.651375738,,manual,1636.0,7447.0,True,,0.22221844418177847,590dd08f71056cacv,LOW,6754.0,9494.0,6758.0,9496.0,590dd08f71056cacv_006.56785463399999969170_003.65137573800000003743
6.554759785,3.470548073,,manual,1783.0,5448.0,True,,0.4163149484616458,590dd08f71056cacv,LOW,6899.0,7494.0,6907.0,7498.0,590dd08f71056cacv_006.55475978499999989424_003.47054807299999978909
6.550143354,3.473799983,,manual,1834.0,5484.0,True,,0.43076829690414487,590dd08f71056cacv,LOW,6951.0,7530.0,6957.0,7534.0,590dd08f71056cacv_006.55014335400000025089_003.47379998300000014666
6.545621976,3.472167617,,manual,1884.0,5466.0,True,,0.9105399796588189,590dd08f71056cacv,MEDIUM,7001.0,7510.0,7007.0,7518.0,590dd08f71056cacv_006.54562197599999961994_003.47216761700000020596
6.365062824,3.365125401,,ais/manual,3881.0,4284.0,False,,3.750899193464102,590dd08f71056cacv,HIGH,8998.0,6330.0,9004.0,6334.0,590dd08f71056cacv_006.36506282399999978594_003.36512540099999979404
6.411325612,3.043141944,,manual,3371.0,723.0,True,,1.7591142287829666,590dd08f71056cacv,MEDIUM,8487.0,2769.0,8495.0,2773.0,590dd08f71056cacv_006.41132561199999972956_003.04314194399999982110
6.36771772,3.440627495,,manual,3851.0,5119.0,True,,5.941720506364746,590dd08f71056cacv,MEDIUM,8965.0,7158.0,8977.0,7176.0,590dd08f71056cacv_006.36771771999999991465_003.44062749500000020220
6.3772566,3.242793015,,manual,3747.0,2931.0,True,,3.037670617614157,590dd08f71056cacv,MEDIUM,8864.0,4976.0,8871.0,4982.0,590dd08f71056cacv_006.37725659999999994199_003.24279301500000016745
6.535118986,3.569117622,,manual,1999.0,6538.0,True,,0.9071623876125875,590dd08f71056cacv,LOW,7113.0,8581.0,7125.0,8591.0,590dd08f71056cacv_006.53511898599999963011_003.56911762199999982315
6.377547659,3.363235374,,manual,3743.0,4263.0,True,,2.53600488653091,590dd08f71056cacv,LOW,8861.0,6308.0,8865.0,6314.0,590dd08f71056cacv_006.37754765900000020196_003.36323537399999983322
6.38198544,3.355733441,,manual,3694.0,4180.0,True,,2.128791488046315,590dd08f71056cacv,MEDIUM,8807.0,6224.0,8821.0,6232.0,590dd08f71056cacv_006.38198544000000023146_003.35573344099999992807
6.415435724,3.383427596,,manual,3324.0,4486.0,True,,0.045632911735773336,590dd08f71056cacv,LOW,8440.0,6532.0,8449.0,6536.0,590dd08f71056cacv_006.41543572399999995071_003.38342759600000020370
6.305619446,3.224587079,,manual,4539.0,2730.0,True,,9999.99,590dd08f71056cacv,MEDIUM,9654.0,4774.0,9664.0,4782.0,590dd08f71056cacv_006.30561944599999968375_003.22458707899999996727
6.354809407,3.268732578,,ais/manual,3995.0,3218.0,False,,5.208701602489732,590dd08f71056cacv,HIGH,9110.0,5261.0,9120.0,5271.0,590dd08f71056cacv_006.35480940700000029864_003.26873257799999983320
6.536215588,3.47080206,,manual,1988.0,5451.0,True,,1.7903620451114644,590dd08f71056cacv,MEDIUM,7104.0,7494.0,7112.0,7504.0,590dd08f71056cacv_006.53621558800000013179_003.47080206000000002220
6.089704193,3.476544234,,manual,6924.0,5519.0,True,,9999.99,590dd08f71056cacv,LOW,12042.0,7562.0,12047.0,7572.0,590dd08f71056cacv_006.08970419300000020968_003.47654423399999989996
6.412708868,3.400516345,,manual,3354.0,4675.0,True,,0.7024798863332651,590dd08f71056cacv,LOW,8471.0,6721.0,8477.0,6725.0,590dd08f71056cacv_006.41270886800000017303_003.40051634500000021788
6.464023618,3.477336718,,manual,2786.0,5524.0,True,,1.2748622525793112,590dd08f71056cacv,MEDIUM,7902.0,7569.0,7910.0,7576.0,590dd08f71056cacv_006.46402361799999969350_003.47733671800000010421
6.39168875,3.31902788,,manual,3587.0,3774.0,True,,1.5294934877599027,590dd08f71056cacv,MEDIUM,8700.0,5819.0,8714.0,5825.0,590dd08f71056cacv_006.39168875000000014097_003.31902788000000015245
6.384615332,3.510672944,,ais,3663.0,5893.0,,,3.946698647770049,590dd08f71056cacv,LOW,,,,,590dd08f71056cacv_006.38461533200000008748_003.51067294399999996202
6.310335584,3.194391822,,manual,4487.0,2396.0,True,,9999.99,590dd08f71056cacv,MEDIUM,9601.0,4432.0,9614.0,4456.0,590dd08f71056cacv_006.31033558399999972011_003.19439182200000004741
6.440381875,3.410123803,,manual,3048.0,4781.0,True,,0.60473339453818,590dd08f71056cacv,LOW,8163.0,6822.0,8173.0,6836.0,590dd08f71056cacv_006.44038187499999992269_003.41012380299999984246
6.437847119,3.412472993,,manual,3076.0,4807.0,True,,0.8209047449736847,590dd08f71056cacv,LOW,8191.0,6848.0,8201.0,6862.0,590dd08f71056cacv_006.43784711899999972928_003.41247299300000017652
6.439024039,3.411298328,,manual,3063.0,4794.0,True,,0.7080580750369596,590dd08f71056cacv,LOW,8179.0,6836.0,8187.0,6848.0,590dd08f71056cacv_006.43902403900000042114_003.41129832799999999082
6.534679557,3.557630364,,manual,2004.0,6411.0,True,,0.41362846433607964,590dd08f71056cacv,LOW,7121.0,8456.0,7127.0,8462.0,590dd08f71056cacv_006.53467955699999958341_003.55763036399999998949
6.471207669,3.435199785,,manual,2707.0,5058.0,True,,1.0080548922580193,590dd08f71056cacv,LOW,7823.0,7102.0,7831.0,7110.0,590dd08f71056cacv_006.47120766899999999566_003.43519978500000000565
6.469394599,3.439720082,,manual,2727.0,5108.0,True,,0.8346230413212005,590dd08f71056cacv,LOW,7845.0,7153.0,7849.0,7159.0,590dd08f71056cacv_006.46939459900000013448_003.43972008200000001210
6.470208573,3.43990166,,manual,2718.0,5110.0,True,,0.9265148889050617,590dd08f71056cacv,LOW,7835.0,7155.0,7841.0,7161.0,590dd08f71056cacv_006.47020857299999985202_003.43990165999999986113
6.397907297,3.354478486,,manual,3518.0,4166.0,True,,0.37667596713571694,590dd08f71056cacv,MEDIUM,8632.0,6206.0,8644.0,6222.0,590dd08f71056cacv_006.39790729699999971558_003.35447848600000009256
6.449934848,3.452363963,,manual,2942.0,5248.0,True,,0.8324376191767119,590dd08f71056cacv,MEDIUM,8060.0,7287.0,8064.0,7306.0,590dd08f71056cacv_006.44993484799999983181_003.45236396299999981352
6.438322533,3.232602925,,manual,3072.0,2818.0,True,,3.791427875802776,590dd08f71056cacv,MEDIUM,8188.0,4861.0,8196.0,4871.0,590dd08f71056cacv_006.43832253300000001417_003.23260292500000012694
6.478500975,3.561818955,,manual,2625.0,6458.0,True,,0.5391217183690191,590dd08f71056cacv,LOW,7741.0,8504.0,7749.0,8508.0,590dd08f71056cacv_006.47850097500000021711_003.56181895500000011978
6.380072911,3.373906942,,ais/manual,3715.0,4381.0,False,,1.9561799697739062,590dd08f71056cacv,HIGH,8831.0,6423.0,8839.0,6435.0,590dd08f71056cacv_006.38007291100000006878_003.37390694200000007541
6.533285539,3.407666361,,manual,2021.0,4753.0,True,,0.7805445344977734,590dd08f71056cacv,MEDIUM,7138.0,6797.0,7144.0,6805.0,590dd08f71056cacv_006.53328553900000041921_003.40766636099999997711
6.420857566,3.391027681,,manual,3264.0,4570.0,True,,0.12689006850834122,590dd08f71056cacv,MEDIUM,8378.0,6611.0,8390.0,6625.0,590dd08f71056cacv_006.42085756599999957217_003.39102768100000018237
6.656597534,3.387139708,,manual,658.0,4525.0,True,,9.561098322754367,590dd08f71056cacv,MEDIUM,5776.0,6570.0,5780.0,6576.0,590dd08f71056cacv_006.65659753400000031576_003.38713970799999986028
6.421894029,3.450711444,,manual,3252.0,5230.0,True,,0.08722995350050286,590dd08f71056cacv,LOW,8369.0,7275.0,8375.0,7281.0,590dd08f71056cacv_006.42189402899999972618_003.45071144399999996111
6.375268045,3.388099555,,manual,3768.0,4538.0,True,,2.3694991433325496,590dd08f71056cacv,MEDIUM,8880.0,6580.0,8896.0,6592.0,590dd08f71056cacv_006.37526804500000032760_003.38809955500000015149
6.376174136,3.386110972,,manual,3758.0,4516.0,True,,2.2760693222686488,590dd08f71056cacv,MEDIUM,8876.0,6562.0,8880.0,6566.0,590dd08f71056cacv_006.37617413600000038088_003.38611097199999999674
6.378612254,3.39180935,,manual,3731.0,4579.0,True,,1.9951447355298537,590dd08f71056cacv,MEDIUM,8849.0,6626.0,8853.0,6628.0,590dd08f71056cacv_006.37861225400000009245_003.39180934999999994517
6.382141558,3.39000359,,manual,3692.0,4559.0,True,,1.6074957026727634,590dd08f71056cacv,MEDIUM,8805.0,6602.0,8819.0,6612.0,590dd08f71056cacv_006.38214155799999982577_003.39000359000000006660
6.384671681,3.393622404,,manual,3664.0,4599.0,True,,1.335780977892787,590dd08f71056cacv,MEDIUM,8779.0,6643.0,8789.0,6651.0,590dd08f71056cacv_006.38467168100000037612_003.39362240399999981477
6.384313141,3.389281853,,manual,3668.0,4551.0,True,,1.368327373197129,590dd08f71056cacv,MEDIUM,8783.0,6594.0,8793.0,6604.0,590dd08f71056cacv_006.38431314099999980272_003.38928185299999995550
6.35566693,3.347758553,,manual,3985.0,4092.0,True,,4.891677334466562,590dd08f71056cacv,MEDIUM,9097.0,6129.0,9113.0,6151.0,590dd08f71056cacv_006.35566692999999993674_003.34775855299999980375
6.370475367,3.385835451,,ais/manual,3821.0,4513.0,False,,2.9066551618680396,590dd08f71056cacv,HIGH,8932.0,6554.0,8950.0,6568.0,590dd08f71056cacv_006.37047536700000005538_003.38583545100000016248
6.225480064,3.200688168,,manual,5425.0,2466.0,True,,9999.99,590dd08f71056cacv,MEDIUM,10542.0,4512.0,10548.0,4516.0,590dd08f71056cacv_006.22548006400000009108_003.20068816800000011114
6.539728397,3.486633928,,manual,1949.0,5626.0,True,,0.3512391947535918,590dd08f71056cacv,LOW,7066.0,7669.0,7072.0,7679.0,590dd08f71056cacv_006.53972839700000019292_003.48663392799999982685
6.5391272,3.54370631,,manual,1955.0,6257.0,True,,0.10515006755866665,590dd08f71056cacv,LOW,7073.0,8303.0,7077.0,8307.0,590dd08f71056cacv_006.53912720000000025067_003.54370631000000013699
6.609210159,3.476298419,,manual,1181.0,5511.0,True,,0.14766569732233745,590dd08f71056cacv,MEDIUM,6298.0,7557.0,6304.0,7561.0,590dd08f71056cacv_006.60921015899999986232_003.47629841899999991739
6.421502848,3.482903514,,manual,3256.0,5586.0,True,,0.11804227340644499,590dd08f71056cacv,MEDIUM,8371.0,7629.0,8381.0,7639.0,590dd08f71056cacv_006.42150284800000026308_003.48290351400000020021
6.387560106,3.401762677,,manual,3632.0,4689.0,True,,1.37615922116834,590dd08f71056cacv,LOW,8743.0,6733.0,8761.0,6741.0,590dd08f71056cacv_006.38756010599999957122_003.40176267699999979044
6.393081935,3.396884094,,manual,3571.0,4635.0,True,,0.5694862568561025,590dd08f71056cacv,MEDIUM,8688.0,6679.0,8694.0,6687.0,590dd08f71056cacv_006.39308193499999966036_003.39688409399999979854
6.392992451,3.39561809,,manual,3572.0,4621.0,True,,0.5125511795749659,590dd08f71056cacv,MEDIUM,8688.0,6667.0,8696.0,6671.0,590dd08f71056cacv_006.39299245099999957631_003.39561809000000014436
6.394886346,3.403034333,,manual,3551.0,4703.0,True,,0.9364318481392773,590dd08f71056cacv,MEDIUM,8668.0,6749.0,8674.0,6753.0,590dd08f71056cacv_006.39488634599999983266_003.40303433299999991135
6.375171397,3.396237359,,manual,3769.0,4628.0,True,,2.418409601415063,590dd08f71056cacv,MEDIUM,8884.0,6671.0,8894.0,6681.0,590dd08f71056cacv_006.37517139699999990654_003.39623735900000012222
6.491780794,3.577298757,,manual,2478.0,6629.0,True,,1.2596713170782736,590dd08f71056cacv,LOW,7595.0,8675.0,7601.0,8679.0,590dd08f71056cacv_006.49178079400000029864_003.57729875699999988470
6.395318019,3.301035522,,manual,3547.0,3575.0,True,,1.2517667156436048,590dd08f71056cacv,MEDIUM,8659.0,5618.0,8675.0,5628.0,590dd08f71056cacv_006.39531801900000029804_003.30103552199999983330
6.471123278,3.428055163,,manual,2708.0,4979.0,True,,1.045752199253998,590dd08f71056cacv,LOW,7825.0,7020.0,7831.0,7034.0,590dd08f71056cacv_006.47112327800000031175_003.42805516299999979424
6.471119372,3.432667465,,manual,2708.0,5030.0,True,,1.0147724132501172,590dd08f71056cacv,LOW,7825.0,7072.0,7831.0,7084.0,590dd08f71056cacv_006.47111937200000042480_003.43266746500000019537
6.602351798,3.69348338,,manual,1254.0,7912.0,True,,0.2474523186527782,590dd08f71056cacv,LOW,6370.0,9956.0,6378.0,9964.0,590dd08f71056cacv_006.60235179799999993833_003.69348337999999998260
6.356467382,3.367560617,,manual,3976.0,4311.0,True,,4.624998547866327,590dd08f71056cacv,LOW,9091.0,6354.0,9101.0,6364.0,590dd08f71056cacv_006.35646738199999994379_003.36756061700000008940
6.437002337,3.330179243,134.9537998,ais/manual,3086.0,3897.0,True,,3.512993190728303,590dd08f71056cacv,MEDIUM,8202.0,5934.0,8210.0,5956.0,590dd08f71056cacv_006.43700233700000001846_003.33017924299999990012
6.044679984,3.05865507,32.08280259,ais/manual,7424.0,895.0,True,False,9999.99,590dd08f71056cacv,HIGH,12540.0,2938.0,12548.0,2948.0,590dd08f71056cacv_006.04467998400000006143_003.05865506999999992033
6.424147204,3.345001469,151.8054767,ais/manual,3228.0,4061.0,True,,1.6470461000465488,590dd08f71056cacv,MEDIUM,8343.0,6101.0,8354.0,6117.0,590dd08f71056cacv_006.42414720399999961131_003.34500146900000006056
6.358269946,3.376784543,77.59637143,ais/manual,3956.0,4413.0,True,False,4.335515852208915,590dd08f71056cacv,HIGH,9071.0,6453.0,9081.0,6469.0,590dd08f71056cacv_006.35826994600000006130_003.37678454299999986077
6.315860518,3.175316923,178.8093463,ais/manual,4426.0,2185.0,True,False,9.313084371474575,590dd08f71056cacv,HIGH,9537.0,4222.0,9555.0,4245.0,590dd08f71056cacv_006.31586051800000003453_003.17531692300000001339
6.354913756,3.389169285,71.73590074,ais/manual,3993.0,4550.0,True,False,4.61826274654418,590dd08f71056cacv,HIGH,9103.0,6592.0,9123.0,6604.0,590dd08f71056cacv_006.35491375600000019119_003.38916928499999992042
6.004351135,3.426682751,54.17086977,ais/manual,7868.0,4968.0,True,False,9999.99,590dd08f71056cacv,HIGH,12985.0,7014.0,12991.0,7018.0,590dd08f71056cacv_006.00435113500000028353_003.42668275099999997124
6.344575503,3.290608071,104.897121,manual,4108.0,3460.0,True,,6.621942628011759,590dd08f71056cacv,LOW,9217.0,5503.0,9239.0,5513.0,590dd08f71056cacv_006.34457550299999972765_003.29060807099999985681
6.16157571,3.421293314,228.4717492,ais/manual,6130.0,4907.0,True,False,9999.99,590dd08f71056cacv,HIGH,11236.0,6949.0,11265.0,6961.0,590dd08f71056cacv_006.16157571000000015005_003.42129331400000014085
6.339976105,3.404528564,77.67846521,ais/manual,4158.0,4720.0,True,False,6.414190688934527,590dd08f71056cacv,HIGH,9274.0,6761.0,9283.0,6775.0,590dd08f71056cacv_006.33997610499999986189_003.40452856400000003489
6.342423697,3.397839759,91.30999194,ais/manual,4131.0,4646.0,True,False,6.028984650633707,590dd08f71056cacv,HIGH,9246.0,6687.0,9256.0,6701.0,590dd08f71056cacv_006.34242369700000008237_003.39783975900000001502
6.317282813,3.388598627,164.3936059,ais/manual,4409.0,4544.0,True,False,8.778653437712007,590dd08f71056cacv,HIGH,9520.0,6582.0,9538.0,6602.0,590dd08f71056cacv_006.31728281300000027443_003.38859862699999991875
6.296668675,3.373846887,147.4833259,ais/manual,4637.0,4381.0,True,False,9999.99,590dd08f71056cacv,HIGH,9750.0,6422.0,9764.0,6437.0,590dd08f71056cacv_006.29666867500000027036_003.37384688700000001660
6.308175347,3.162747228,170.9496936,ais/manual,4511.0,2046.0,True,False,9999.99,590dd08f71056cacv,HIGH,9625.0,4083.0,9638.0,4106.0,590dd08f71056cacv_006.30817534699999971082_003.16274722800000018808
6.268449221,3.201246958,157.0559504,ais/manual,4950.0,2472.0,True,False,9999.99,590dd08f71056cacv,HIGH,10063.0,4510.0,10077.0,4530.0,590dd08f71056cacv_006.26844922100000001564_003.20124695800000003132
6.430490133,3.32872814,144.5093915,ais/manual,3158.0,3881.0,True,,2.8901815798336283,590dd08f71056cacv,MEDIUM,8271.0,5924.0,8285.0,5934.0,590dd08f71056cacv_006.43049013300000016358_003.32872813999999994650
6.315797778,3.436153325,163.1614383,ais/manual,4425.0,5070.0,True,False,9999.99,590dd08f71056cacv,HIGH,9537.0,7109.0,9553.0,7127.0,590dd08f71056cacv_006.31579777800000030652_003.43615332499999981408
6.265096352,3.215800593,143.8704411,ais/manual,4987.0,2633.0,True,False,9999.99,590dd08f71056cacv,HIGH,10103.0,4673.0,10111.0,4689.0,590dd08f71056cacv_006.26509635199999959099_003.21580059299999998501
6.419490993,3.403505783,103.0,ais/manual,3279.0,4708.0,True,,0.6206023021446463,590dd08f71056cacv,MEDIUM,8392.0,6752.0,8406.0,6760.0,590dd08f71056cacv_006.41949099300000014523_003.40350578299999995124
6.41940534,3.397356575,17.51295485,ais/manual,3280.0,4640.0,True,,0.5865230205962859,590dd08f71056cacv,MEDIUM,8396.0,6683.0,8404.0,6693.0,590dd08f71056cacv_006.41940533999999995984_003.39735657499999987863
6.424014823,3.402424193,183.3313115,ais/manual,3229.0,4696.0,True,,0.5089974929095973,590dd08f71056cacv,MEDIUM,8330.0,6738.0,8368.0,6750.0,590dd08f71056cacv_006.42401482300000026271_003.40242419299999987459
6.345629982,3.341513103,136.7472183,ais/manual,4096.0,4023.0,True,False,5.988923047992034,590dd08f71056cacv,HIGH,9207.0,6060.0,9226.0,6083.0,590dd08f71056cacv_006.34562998200000016880_003.34151310300000004005
6.351329345,3.340974354,104.6746869,ais/manual,4033.0,4017.0,True,False,5.359949356457,590dd08f71056cacv,HIGH,9147.0,6056.0,9159.0,6075.0,590dd08f71056cacv_006.35132934499999990408_003.34097435400000009054
6.276496327,3.211375427,185.3761613,ais/manual,4861.0,2584.0,True,False,9999.99,590dd08f71056cacv,HIGH,9976.0,4623.0,9986.0,4641.0,590dd08f71056cacv_006.27649632700000026375_003.21137542700000011564
6.441113302,3.4003577,110.673668,ais/manual,3040.0,4673.0,True,,0.09656627600705642,590dd08f71056cacv,LOW,8155.0,6716.0,8165.0,6726.0,590dd08f71056cacv_006.44111330199999976287_003.40035769999999981650
6.442108781,3.399815885,120.658212,ais/manual,3029.0,4667.0,True,,0.059618534585937945,590dd08f71056cacv,LOW,8145.0,6712.0,8153.0,6718.0,590dd08f71056cacv_006.44210878099999995072_003.39981588500000020403
6.443829066,3.397827708,41.00603616,ais/manual,3010.0,4645.0,True,,0.060384832689130565,590dd08f71056cacv,LOW,8126.0,6689.0,8134.0,6697.0,590dd08f71056cacv_006.44382906600000016084_003.39782770799999989109
6.437678171,3.39737076,20.97971553,ais/manual,3078.0,4640.0,True,,0.5991887237733129,590dd08f71056cacv,MEDIUM,8193.0,6685.0,8203.0,6691.0,590dd08f71056cacv_006.43767817099999994923_003.39737075999999982301
6.424555226,3.405408788,23.94816386,ais/manual,3223.0,4729.0,True,,0.1844446729988532,590dd08f71056cacv,LOW,8336.0,6774.0,8350.0,6780.0,590dd08f71056cacv_006.42455522599999984124_003.40540878799999990889
6.355362015,3.394504248,91.24086398,ais/manual,3988.0,4609.0,True,False,4.5728970113496255,590dd08f71056cacv,HIGH,9101.0,6650.0,9115.0,6664.0,590dd08f71056cacv_006.35536201499999986453_003.39450424800000005732
6.360794193,3.388450359,41.90922451,ais/manual,3928.0,4542.0,True,False,3.9690680526169535,590dd08f71056cacv,HIGH,9043.0,6584.0,9053.0,6596.0,590dd08f71056cacv_006.36079419300000026283_003.38845035900000013385
6.268008391,3.1687014,181.1001809,ais/manual,4955.0,2112.0,True,False,9999.99,590dd08f71056cacv,HIGH,10067.0,4148.0,10083.0,4172.0,590dd08f71056cacv_006.26800839100000040105_003.16870139999999977931
6.344426119,3.381476089,169.5289918,ais/manual,4109.0,4465.0,True,False,5.814240773374544,590dd08f71056cacv,HIGH,9218.0,6505.0,9240.0,6521.0,590dd08f71056cacv_006.34442611900000041913_003.38147608899999996268
6.2882523,3.221144145,179.4254218,ais/manual,4731.0,2692.0,True,False,9999.99,590dd08f71056cacv,HIGH,9843.0,4730.0,9859.0,4750.0,590dd08f71056cacv_006.28825229999999990582_003.22114414499999979213
6.312409654,3.211209122,165.0562732,ais/manual,4464.0,2582.0,True,False,9.801300541197602,590dd08f71056cacv,HIGH,9577.0,4621.0,9591.0,4639.0,590dd08f71056cacv_006.31240965399999964802_003.21120912200000008241
6.276411094,3.197995423,48.92371117,ais/manual,4862.0,2436.0,True,False,9999.99,590dd08f71056cacv,HIGH,9976.0,4480.0,9988.0,4488.0,590dd08f71056cacv_006.27641109400000019036_003.19799542300000005923
6.436602074,3.385071215,158.8878708,ais/manual,3090.0,4504.0,True,,0.18288936378981901,590dd08f71056cacv,LOW,8203.0,6548.0,8217.0,6556.0,590dd08f71056cacv_006.43660207399999961808_003.38507121499999996672
6.436420472,3.385975396,108.22,ais/manual,3092.0,4514.0,True,,0.2341205904998981,590dd08f71056cacv,LOW,8207.0,6558.0,8217.0,6566.0,590dd08f71056cacv_006.43642047200000000373_003.38597539600000008164
6.435242165,3.389049176,175.4454546,ais/manual,3105.0,4548.0,True,,0.4653225894812107,590dd08f71056cacv,LOW,8219.0,6591.0,8231.0,6601.0,590dd08f71056cacv_006.43524216500000001417_003.38904917599999988553
6.303170887,3.238328295,78.14723305,ais/manual,4566.0,2882.0,True,False,9999.99,590dd08f71056cacv,HIGH,9678.0,4921.0,9694.0,4939.0,590dd08f71056cacv_006.30317088700000027757_003.23832829500000007883
6.325869262,3.398188733,133.7335275,ais/manual,4314.0,4650.0,True,False,7.854410232406363,590dd08f71056cacv,HIGH,9427.0,6690.0,9442.0,6706.0,590dd08f71056cacv_006.32586926200000032594_003.39818873300000001692
6.34714928,3.368548585,120.2359004,ais/manual,4079.0,4322.0,True,False,5.631744967345143,590dd08f71056cacv,HIGH,9188.0,6364.0,9210.0,6377.0,590dd08f71056cacv_006.34714928000000000452_003.36854858500000009514
6.357278133,3.481848718,55.41176621,ais/manual,3966.0,5575.0,True,False,6.724567857911174,590dd08f71056cacv,HIGH,9084.0,7621.0,9088.0,7625.0,590dd08f71056cacv_006.35727813300000033081_003.48184871800000017572
6.398596676,3.401138317,146.0005963,ais/manual,3510.0,4682.0,True,False,0.6386838816527522,590dd08f71056cacv,HIGH,8620.0,6725.0,8640.0,6735.0,590dd08f71056cacv_006.39859667600000037169_003.40113831700000002201
6.29902422,3.203970979,188.5549229,ais/manual,4612.0,2502.0,True,False,9999.99,590dd08f71056cacv,HIGH,9726.0,4538.0,9738.0,4562.0,590dd08f71056cacv_006.29902421999999972968_003.20397097900000016324
6.35298451,3.297394126,154.9426499,ais/manual,4015.0,3535.0,True,False,5.935623895551633,590dd08f71056cacv,HIGH,9125.0,5571.0,9145.0,5595.0,590dd08f71056cacv_006.35298450999999975153_003.29739412599999992537
6.308458005,3.330187476,126.0692535,ais/manual,4507.0,3898.0,True,False,9999.99,590dd08f71056cacv,HIGH,9618.0,5937.0,9636.0,5956.0,590dd08f71056cacv_006.30845800500000031263_003.33018747599999986875
6.283569922,3.162106722,152.1190229,ais/manual,4783.0,2039.0,True,False,9999.99,590dd08f71056cacv,HIGH,9895.0,4077.0,9911.0,4097.0,590dd08f71056cacv_006.28356992199999986326_003.16210672199999986987
6.253175835,3.346695886,192.2448757,ais/manual,5118.0,4081.0,True,False,9999.99,590dd08f71056cacv,HIGH,10229.0,6122.0,10247.0,6136.0,590dd08f71056cacv_006.25317583500000040431_003.34669588600000000866
6.285982264,3.240399813,165.9721488,ais/manual,4756.0,2905.0,True,False,9999.99,590dd08f71056cacv,HIGH,9870.0,4945.0,9882.0,4961.0,590dd08f71056cacv_006.28598226400000026359_003.24039981299999979569
6.347581225,3.396125812,86.46612658,ais/manual,4074.0,4627.0,True,False,5.443551052191132,590dd08f71056cacv,HIGH,9188.0,6668.0,9200.0,6682.0,590dd08f71056cacv_006.34758122499999988264_003.39612581200000018811
6.306835953,3.443649727,56.12289765,ais/manual,4524.0,5153.0,True,False,9999.99,590dd08f71056cacv,HIGH,9639.0,7199.0,9649.0,7204.0,590dd08f71056cacv_006.30683595300000021666_003.44364972699999993822
6.328518871,3.362296867,117.9836418,ais/manual,4285.0,4253.0,True,False,7.768161365221549,590dd08f71056cacv,HIGH,9397.0,6292.0,9413.0,6310.0,590dd08f71056cacv_006.32851887099999999009_003.36229686699999996691
6.33252848,3.317454356,73.55552393,ais/manual,4241.0,3757.0,True,False,7.777551471829584,590dd08f71056cacv,HIGH,9350.0,5795.0,9372.0,5815.0,590dd08f71056cacv_006.33252847999999968209_003.31745435599999982657
6.147632063,3.620118515,125.6305512,ais/manual,6282.0,7107.0,True,False,9999.99,590dd08f71056cacv,HIGH,11392.0,9144.0,11412.0,9166.0,590dd08f71056cacv_006.14763206299999964699_003.62011851500000014781
6.414073257,3.244890254,100.532141,ais/manual,3340.0,2954.0,True,,0.9745686493978529,590dd08f71056cacv,MEDIUM,8456.0,4994.0,8464.0,5010.0,590dd08f71056cacv_006.41407325700000008339_003.24489025399999997390
6.322668704,3.316725039,87.0236812,ais/manual,4350.0,3749.0,False,,8.84820417903996,590dd08f71056cacv,HIGH,9455.0,5784.0,9485.0,5811.0,590dd08f71056cacv_006.32266870399999980634_003.31672503900000004151
6.316062968,3.32015665,203.7323309,ais/manual,4423.0,3787.0,True,False,9.468878007748646,590dd08f71056cacv,HIGH,9534.0,5829.0,9552.0,5841.0,590dd08f71056cacv_006.31606296799999977765_003.32015664999999993157
6.346995308,3.328494028,160.6659392,ais/manual,4081.0,3879.0,True,False,5.935958492206919,590dd08f71056cacv,HIGH,9191.0,5914.0,9211.0,5940.0,590dd08f71056cacv_006.34699530800000033537_003.32849402800000016001
6.208862263,3.62814401,41.83353241,ais/manual,5605.0,7195.0,True,False,9999.99,590dd08f71056cacv,HIGH,10721.0,9239.0,10729.0,9247.0,590dd08f71056cacv_006.20886226300000032552_003.62814401000000019692
6.3151927,3.401164109,114.4470559,ais/manual,4432.0,4683.0,True,False,9.061383412728972,590dd08f71056cacv,HIGH,9546.0,6722.0,9558.0,6741.0,590dd08f71056cacv_006.31519269999999988130_003.40116410900000021300
6.282022802,3.18968017,132.8755584,ais/manual,4800.0,2344.0,True,False,9999.99,590dd08f71056cacv,HIGH,9912.0,4385.0,9928.0,4399.0,590dd08f71056cacv_006.28202280200000018340_003.18968016999999992578
6.429269966,3.391486255,27.14804323,ais/manual,3171.0,4575.0,True,,0.1538492161089465,590dd08f71056cacv,LOW,8289.0,6617.0,8293.0,6629.0,590dd08f71056cacv_006.42926996599999966975_003.39148625499999978317
6.43388306,3.391941941,174.2739882,ais/manual,3120.0,4580.0,True,,0.5002208265582164,590dd08f71056cacv,LOW,8233.0,6625.0,8247.0,6631.0,590dd08f71056cacv_006.43388306000000032014_003.39194194099999979386
6.372091782,3.401388949,54.32421847,ais/manual,3803.0,4685.0,True,False,2.8975490602672127,590dd08f71056cacv,HIGH,8918.0,6731.0,8928.0,6735.0,590dd08f71056cacv_006.37209178200000003756_003.40138894900000021693
6.362097153,3.336370072,83.73836994,ais/manual,3914.0,3966.0,True,False,4.178977451389195,590dd08f71056cacv,HIGH,9030.0,6010.0,9038.0,6018.0,590dd08f71056cacv_006.36209715299999967186_003.33637007199999979790
6.363629558,3.344599229,141.0092888,ais/manual,3897.0,4057.0,True,False,4.003013325010095,590dd08f71056cacv,HIGH,9008.0,6093.0,9026.0,6117.0,590dd08f71056cacv_006.36362955800000040796_003.34459922899999995138
6.446276022,3.391951447,152.2020084,ais/manual,2983.0,4580.0,True,,0.03595841656056109,590dd08f71056cacv,LOW,8098.0,6621.0,8108.0,6635.0,590dd08f71056cacv_006.44627602200000016097_003.39195144699999984184
6.44808563,3.391410235,34.98949923,ais/manual,2963.0,4574.0,True,,0.23238224120417822,590dd08f71056cacv,LOW,8078.0,6617.0,8088.0,6627.0,590dd08f71056cacv_006.44808562999999956844_003.39141023499999993973
6.44627435,3.394121847,46.08277391,ais/manual,2983.0,4604.0,True,,0.08072051906820872,590dd08f71056cacv,LOW,8100.0,6647.0,8106.0,6657.0,590dd08f71056cacv_006.44627435000000037491_003.39412184700000008064
6.372600576,3.32064365,100.8074189,ais/manual,3798.0,3792.0,True,False,3.4650066648539957,590dd08f71056cacv,HIGH,8909.0,5831.0,8927.0,5849.0,590dd08f71056cacv_006.37260057599999996114_003.32064365000000005779
6.429169146,3.267053196,32.91139459,ais/manual,3173.0,3199.0,True,,2.9842736305171504,590dd08f71056cacv,MEDIUM,8289.0,5236.0,8297.0,5258.0,590dd08f71056cacv_006.42916914599999955726_003.26705319599999999269
6.345445866,3.161854715,33.74329448,ais/manual,4099.0,2036.0,True,False,5.9770449489485244,590dd08f71056cacv,HIGH,9213.0,4080.0,9225.0,4088.0,590dd08f71056cacv_006.34544586600000037890_003.16185471500000003786
6.456328963,3.376133004,187.965704,ais/manual,2872.0,4405.0,True,,0.17539175950040917,590dd08f71056cacv,MEDIUM,7981.0,6448.0,8003.0,6458.0,590dd08f71056cacv_006.45632896299999980982_003.37613300400000015955
6.266899554,3.229994676,173.8836461,ais/manual,4967.0,2790.0,True,False,9999.99,590dd08f71056cacv,HIGH,10079.0,4826.0,10095.0,4850.0,590dd08f71056cacv_006.26689955400000009433_003.22999467600000000900
6.303826943,3.356855174,209.1234623,ais/manual,4558.0,4193.0,True,False,9999.99,590dd08f71056cacv,HIGH,9673.0,6227.0,9683.0,6255.0,590dd08f71056cacv_006.30382694299999979393_003.35685517400000010824
6.278568657,3.230994251,162.1382085,ais/manual,4838.0,2801.0,True,False,9999.99,590dd08f71056cacv,HIGH,9952.0,4840.0,9964.0,4858.0,590dd08f71056cacv_006.27856865700000010833_003.23099425099999981725
6.314590745,3.47177369,49.83322231,ais/manual,4438.0,5464.0,True,False,9999.99,590dd08f71056cacv,HIGH,9553.0,7508.0,9563.0,7516.0,590dd08f71056cacv_006.31459074500000028252_003.47177369000000002330
6.377201367,3.340448884,47.62633751,ais/manual,3747.0,4011.0,True,False,2.501232899518679,590dd08f71056cacv,HIGH,8863.0,6057.0,8871.0,6061.0,590dd08f71056cacv_006.37720136699999962104_003.34044888400000017370
6.431778398,3.292827629,56.52851901,ais/manual,3144.0,3484.0,True,,2.7827602177372235,590dd08f71056cacv,MEDIUM,8261.0,5530.0,8267.0,5534.0,590dd08f71056cacv_006.43177839799999961912_003.29282762900000003370
6.305439066,3.22332126,196.9880722,ais/manual,4541.0,2716.0,True,False,9999.99,590dd08f71056cacv,HIGH,9656.0,4754.0,9666.0,4774.0,590dd08f71056cacv_006.30543906599999992579_003.22332126000000007693
6.324427003,3.243310744,165.2258224,ais/manual,4331.0,2937.0,True,False,8.85454192004705,590dd08f71056cacv,HIGH,9436.0,4971.0,9467.0,4999.0,590dd08f71056cacv_006.32442700300000026914_003.24331074399999996771
6.428708436,3.282697575,54.70934289,ais/manual,3178.0,3372.0,True,,2.559279240793707,590dd08f71056cacv,MEDIUM,8295.0,5417.0,8301.0,5423.0,590dd08f71056cacv_006.42870843599999997053_003.28269757499999981221
6.426990581,3.281068869,139.2797659,ais/manual,3197.0,3354.0,True,,2.4132304489190837,590dd08f71056cacv,MEDIUM,8313.0,5399.0,8321.0,5405.0,590dd08f71056cacv_006.42699058100000009119_003.28106886899999983243
6.413524905,3.398075439,109.9630834,ais/manual,3345.0,4648.0,True,,0.44028618723343127,590dd08f71056cacv,MEDIUM,8453.0,6691.0,8477.0,6701.0,590dd08f71056cacv_006.41352490500000005369_003.39807543899999986436
6.421437865,3.338307863,84.11706122,ais/manual,3258.0,3987.0,True,,2.2588346218241275,590dd08f71056cacv,MEDIUM,8372.0,6029.0,8384.0,6041.0,590dd08f71056cacv_006.42143786499999968953_003.33830786299999981992
6.252009242,3.332140716,147.3811712,ais/manual,5131.0,3920.0,True,False,9999.99,590dd08f71056cacv,HIGH,10243.0,5957.0,10259.0,5979.0,590dd08f71056cacv_006.25200924199999974462_003.33214071600000005802
6.265148945,3.425714955,102.0020209,manual,4985.0,4955.0,True,,9999.99,590dd08f71056cacv,MEDIUM,10100.0,6996.0,10111.0,7010.0,590dd08f71056cacv_006.26514894499999996924_003.42571495500000011702
6.337737996,3.373333871,144.7524419,ais/manual,4183.0,4375.0,True,False,6.631225642433426,590dd08f71056cacv,HIGH,9292.0,6413.0,9314.0,6433.0,590dd08f71056cacv_006.33773799600000042886_003.37333387099999981729
6.311149469,3.195115416,195.5708642,ais/manual,4478.0,2404.0,True,False,9999.99,590dd08f71056cacv,HIGH,9595.0,4446.0,9601.0,4458.0,590dd08f71056cacv_006.31114946900000006735_003.19511541600000015251
6.445006446,3.396019963,44.25399993,ais/manual,2997.0,4625.0,True,,0.019216360730697487,590dd08f71056cacv,LOW,8112.0,6667.0,8122.0,6679.0,590dd08f71056cacv_006.44500644599999983342_003.39601996300000008588
6.312237207,3.360567745,117.4598938,ais/manual,4465.0,4234.0,True,False,9.575251046571639,590dd08f71056cacv,HIGH,9570.0,6274.0,9600.0,6290.0,590dd08f71056cacv_006.31223720699999990558_003.36056774499999999506
6.247923018,3.355822747,151.0201048,ais/manual,5176.0,4182.0,True,False,9999.99,590dd08f71056cacv,HIGH,10289.0,6221.0,10303.0,6239.0,590dd08f71056cacv_006.24792301799999982848_003.35582274699999993928
6.347976279,3.350013805,118.3840408,ais/manual,4070.0,4117.0,True,False,5.751427737651307,590dd08f71056cacv,HIGH,9181.0,6155.0,9200.0,6175.0,590dd08f71056cacv_006.34797627900000005496_003.35001380500000012219
6.319344013,3.413734427,140.3520539,ais/manual,4386.0,4822.0,True,False,8.874052711424987,590dd08f71056cacv,HIGH,9500.0,6863.0,9512.0,6878.0,590dd08f71056cacv_006.31934401300000025969_003.41373442700000007122
6.340077308,3.39051437,97.83884322,ais/manual,4157.0,4565.0,True,False,6.256536825142256,590dd08f71056cacv,HIGH,9268.0,6608.0,9286.0,6618.0,590dd08f71056cacv_006.34007730799999968951_003.39051436999999999955
6.147104202,3.418570477,56.25266743,manual,6290.0,4877.0,True,,9999.99,590dd08f71056cacv,MEDIUM,11405.0,6922.0,11416.0,6928.0,590dd08f71056cacv_006.14710420200000040580_003.41857047699999982981
6.377525428,3.393526529,23.74108679,ais/manual,3743.0,4598.0,True,False,2.120962780854115,590dd08f71056cacv,HIGH,8859.0,6643.0,8868.0,6649.0,590dd08f71056cacv_006.37752542800000021828_003.39352652899999984726
6.380153828,3.386837325,48.27690829,ais/manual,3714.0,4524.0,True,False,1.8321860079854495,590dd08f71056cacv,HIGH,8827.0,6568.0,8841.0,6576.0,590dd08f71056cacv_006.38015382800000008245_003.38683732500000012067
6.303831539,3.350074516,154.1705195,ais/manual,4558.0,4118.0,True,False,9999.99,590dd08f71056cacv,HIGH,9673.0,6159.0,9683.0,6173.0,590dd08f71056cacv_006.30383153899999992831_003.35007451599999983571
6.369477933,3.388999403,47.96602831,ais/manual,3832.0,4548.0,True,False,3.0085383430516,590dd08f71056cacv,HIGH,8946.0,6592.0,8958.0,6600.0,590dd08f71056cacv_006.36947793299999975858_003.38899940300000013238
6.372823307,3.391172013,62.37468305,ais/manual,3795.0,4572.0,True,False,2.635959993531374,590dd08f71056cacv,HIGH,8912.0,6616.0,8918.0,6624.0,590dd08f71056cacv_006.37282330699999999268_003.39117201299999981856
6.373279826,3.385566284,36.89545945,ais/manual,3790.0,4510.0,True,False,2.59972414640261,590dd08f71056cacv,HIGH,8906.0,6556.0,8914.0,6560.0,590dd08f71056cacv_006.37327982600000009228_003.38556628399999981482
6.353308994,3.356527461,64.87461302,ais/manual,4011.0,4189.0,True,False,5.255932848022834,590dd08f71056cacv,HIGH,9129.0,6232.0,9133.0,6242.0,590dd08f71056cacv_006.35330899399999982080_003.35652746100000021201
6.426583012,3.354679154,160.7673967,ais/manual,3201.0,4168.0,True,,0.5797866931762626,590dd08f71056cacv,MEDIUM,8315.0,6210.0,8327.0,6222.0,590dd08f71056cacv_006.42658301200000003917_003.35467915399999982995
6.300480265,3.180465097,176.2026438,ais/manual,4596.0,2242.0,True,False,9999.99,590dd08f71056cacv,HIGH,9708.0,4277.0,9724.0,4303.0,590dd08f71056cacv_006.30048026500000002414_003.18046509699999990772
6.410573267,3.352226537,232.8429305,ais/manual,3378.0,4141.0,True,,1.0445514580119881,590dd08f71056cacv,MEDIUM,8493.0,6182.0,8503.0,6196.0,590dd08f71056cacv_006.41057326700000018604_003.35222653699999995069
6.30033792,3.294470952,32.56948524,ais/manual,4597.0,3503.0,True,False,9999.99,590dd08f71056cacv,HIGH,9711.0,5545.0,9723.0,5557.0,590dd08f71056cacv_006.30033791999999959188_003.29447095200000017456
6.015956343,3.233682195,55.94922109,ais/manual,7741.0,2832.0,True,False,9999.99,590dd08f71056cacv,HIGH,12856.0,4875.0,12867.0,4885.0,590dd08f71056cacv_006.01595634300000003947_003.23368219500000009248
6.353989425,3.414575779,105.7147017,ais/manual,4003.0,4831.0,True,False,5.306780092129594,590dd08f71056cacv,HIGH,9119.0,6866.0,9128.0,6892.0,590dd08f71056cacv_006.35398942499999996869_003.41457577900000019966
6.353815671,3.405533948,98.87492508,ais/manual,4005.0,4731.0,True,False,4.961327524593073,590dd08f71056cacv,HIGH,9117.0,6771.0,9133.0,6787.0,590dd08f71056cacv_006.35381567100000044235_003.40553394799999997744
6.345037231,3.410409512,146.29,ais/manual,4102.0,4785.0,True,False,6.050272246611448,590dd08f71056cacv,HIGH,9216.0,6827.0,9228.0,6840.0,590dd08f71056cacv_006.34503723100000005530_003.41040951200000019838
6.366445863,3.32606503,116.5301299,ais/manual,3866.0,3852.0,True,False,3.9119968785335613,590dd08f71056cacv,HIGH,8974.0,5894.0,8998.0,5906.0,590dd08f71056cacv_006.36644586300000003831_003.32606503000000008896
6.38702398,3.393172087,54.49993437,ais/manual,3638.0,4594.0,True,,1.0716589241820493,590dd08f71056cacv,MEDIUM,8755.0,6639.0,8761.0,6645.0,590dd08f71056cacv_006.38702398000000037825_003.39317208699999994792
6.438738914,3.30133231,32.29112229,ais/manual,3067.0,3578.0,True,,3.548302131180962,590dd08f71056cacv,MEDIUM,8180.0,5618.0,8194.0,5634.0,590dd08f71056cacv_006.43873891399999997986_003.30133230999999982558
6.328259905,3.344033249,93.73642103,ais/manual,4288.0,4051.0,True,False,7.910518942286016,590dd08f71056cacv,HIGH,9399.0,6089.0,9417.0,6109.0,590dd08f71056cacv_006.32825990500000035155_003.34403324900000020747
6.37430574,3.341803292,127.1155275,ais/manual,3779.0,4026.0,True,False,2.818847554727741,590dd08f71056cacv,HIGH,8893.0,6067.0,8905.0,6081.0,590dd08f71056cacv_006.37430573999999960932_003.34180329199999981427
6.294696423,3.163104663,179.6242132,ais/manual,4660.0,2050.0,True,False,9999.99,590dd08f71056cacv,HIGH,9772.0,4087.0,9789.0,4110.0,590dd08f71056cacv_006.29469642300000042923_003.16310466299999992756
6.059312251,3.355245479,147.6862222,ais/manual,7261.0,4177.0,True,False,9999.99,590dd08f71056cacv,HIGH,12370.0,6219.0,12392.0,6231.0,590dd08f71056cacv_006.05931225099999970496_003.35524547900000014167
6.37969501,3.395427038,22.00204403,ais/manual,3719.0,4619.0,True,False,1.9104006264951314,590dd08f71056cacv,HIGH,8833.0,6663.0,8845.0,6671.0,590dd08f71056cacv_006.37969500999999983293_003.39542703799999978642
6.338938219,3.337982512,33.17944128,ais/manual,4170.0,3984.0,True,False,6.73486360685279,590dd08f71056cacv,HIGH,9284.0,6028.0,9296.0,6036.0,590dd08f71056cacv_006.33893821900000009606_003.33798251199999995720
6.269721551,3.185336322,185.6870662,ais/manual,4936.0,2296.0,True,False,9999.99,590dd08f71056cacv,HIGH,10049.0,4331.0,10063.0,4357.0,590dd08f71056cacv_006.26972155099999994832_003.18533632199999994228
6.368869584,3.354458521,92.09711576,ais/manual,3839.0,4166.0,True,False,3.5221916097024,590dd08f71056cacv,HIGH,8952.0,6202.0,8966.0,6226.0,590dd08f71056cacv_006.36886958399999958402_003.35445852100000019291
6.318915983,3.227576416,185.6340693,ais/manual,4392.0,2763.0,True,False,9.17091457771165,590dd08f71056cacv,HIGH,9495.0,4796.0,9529.0,4826.0,590dd08f71056cacv_006.31891598300000012500_003.22757641599999978155
6.340010275,3.358055373,106.4658519,ais/manual,4158.0,4206.0,True,False,6.628540229319402,590dd08f71056cacv,HIGH,9266.0,6244.0,9290.0,6264.0,590dd08f71056cacv_006.34001027500000002846_003.35805537300000001011
6.284688722,3.293467675,191.5344128,ais/manual,4770.0,3492.0,True,False,9999.99,590dd08f71056cacv,HIGH,9878.0,5533.0,9902.0,5547.0,590dd08f71056cacv_006.28468872200000028272_003.29346767500000003892
6.356499828,3.318644464,112.0806619,ais/manual,3976.0,3770.0,True,False,5.208794737677432,590dd08f71056cacv,HIGH,9088.0,5807.0,9105.0,5829.0,590dd08f71056cacv_006.35649982799999957450_003.31864446400000012716
6.356647787,3.368284088,134.8536148,ais/manual,3974.0,4319.0,True,False,4.593415625158058,590dd08f71056cacv,HIGH,9087.0,6363.0,9101.0,6371.0,590dd08f71056cacv_006.35664778699999999390_003.36828408799999978740
6.33068053,3.216912651,172.1970694,ais/manual,4262.0,2645.0,True,False,7.776566123804769,590dd08f71056cacv,HIGH,9372.0,4681.0,9392.0,4706.0,590dd08f71056cacv_006.33068053000000041663_003.21691265099999990085
6.335346557,3.294038668,22.54033119,ais/manual,4210.0,3498.0,True,True,7.701916361195446,590dd08f71056cacv,HIGH,9324.0,5543.0,9336.0,5549.0,590dd08f71056cacv_006.33534655700000026712_003.29403866799999978099
6.308721446,3.151717254,25.02740308,ais/manual,4505.0,1924.0,True,True,9999.99,590dd08f71056cacv,HIGH,9621.0,3969.0,9629.0,3975.0,590dd08f71056cacv_006.30872144599999984393_003.15171725399999980155
6.4157765,3.275456119,26.37034472,ais/manual,3321.0,3292.0,True,,1.4115594659019053,590dd08f71056cacv,MEDIUM,8434.0,5334.0,8448.0,5346.0,590dd08f71056cacv_006.41577649999999977126_003.27545611900000022132
6.304204418,3.69886386,33.01270341,ais/manual,4550.0,7976.0,True,True,9999.99,590dd08f71056cacv,HIGH,9665.0,10022.0,9675.0,10026.0,590dd08f71056cacv_006.30420441800000030952_003.69886385999999989238
