"detect_lat","detect_lon","vessel_length_m","source","detect_scene_row","detect_scene_column","is_vessel","is_fishing","distance_from_shore_km","scene_id","confidence","top","left","bottom","right","detect_id"
"43.8579490403896","14.123084452298","169.43401774973958","ais","3320","14190","True","False","9999.99","2899cfb18883251bt","MEDIUM","","","","","2899cfb18883251bt_043.85794904038959884929_014.12308445229800035747"
"43.6811524664898","13.6152722925627","91.36609927220933","ais","5228","10076","True","False","9.237071545056585","2899cfb18883251bt","MEDIUM","","","","","2899cfb18883251bt_043.68115246648979876909_013.61527229256270032920"
"43.8344582590897","13.6304046149972","28.56621158557","ais","3527","10226","True","False","9999.99","2899cfb18883251bt","MEDIUM","","","","","2899cfb18883251bt_043.83445825908970050477_013.63040461499720024108"
"43.651682863091","13.4536002914531","83.94845299535594","ais","5532","8767","True","False","3.67234430992276","2899cfb18883251bt","MEDIUM","","","","","2899cfb18883251bt_043.65168286309099698883_013.45360029145309965770"
"42.9448511457618","15.5562395982721","145.80797571675294","ais","13483","25775","True","False","9999.99","2899cfb18883251bt","MEDIUM","","","","","2899cfb18883251bt_042.94485114576180251333_015.55623959827210001094"
"43.8226960920193","15.1979497542774","18.120423328214283","ais","3747","22829","True","False","3.121155383533239","2899cfb18883251bt","MEDIUM","","","","","2899cfb18883251bt_043.82269609201929938536_015.19794975427739913698"
"42.8445013491594","15.152222617135","27.71","ais","14611","22481","True","False","9999.99","2899cfb18883251bt","MEDIUM","","","","","2899cfb18883251bt_042.84450134915940111568_015.15222261713499918301"
"43.3333252027123","14.4250427421722","114.75370934557913","ais","9168","16576","True","False","9999.99","2899cfb18883251bt","MEDIUM","","","","","2899cfb18883251bt_043.33332520271230237086_014.42504274217220050502"
"42.8104638881896","15.4147427718367","229.22334770745712","ais","14982","24628","True","False","9999.99","2899cfb18883251bt","MEDIUM","","","","","2899cfb18883251bt_042.81046388818960224398_015.41474277183669983060"
"43.3371362445968","14.4923306789442","132.11650851438475","ais","9129","17122","True","False","9999.99","2899cfb18883251bt","MEDIUM","","","","","2899cfb18883251bt_043.33713624459679891743_014.49233067894419946242"
"42.7444965177431","15.6108261906296","88.71884764210209","ais","15705","26236","True","False","9999.99","2899cfb18883251bt","MEDIUM","","","","","2899cfb18883251bt_042.74449651774310154906_015.61082619062960041845"
"42.9425751560784","15.1581013188175","27.12","ais","13522","22527","True","False","9999.99","2899cfb18883251bt","MEDIUM","","","","","2899cfb18883251bt_042.94257515607839792438_015.15810131881750066896"
"43.613384966007","15.3064412251035","97.0","ais","6069","23710","True","False","9999.99","2899cfb18883251bt","MEDIUM","","","","","2899cfb18883251bt_043.61338496600699699002_015.30644122510349980359"
"42.948395474277","15.2694111423551","23.11","ais","13455","23435","True","False","9999.99","2899cfb18883251bt","MEDIUM","","","","","2899cfb18883251bt_042.94839547427699955051_015.26941114235509999730"
"43.7045930807779","15.3703376820167","84.11161525096766","ais","5054","24221","True","False","4.562109075092472","2899cfb18883251bt","MEDIUM","","","","","2899cfb18883251bt_043.70459308077789728486_015.37033768201670014264"
"42.7351093642931","15.4093629005176","103.70383216359204","ais","15819","24588","True","False","9999.99","2899cfb18883251bt","MEDIUM","","","","","2899cfb18883251bt_042.73510936429310191897_015.40936290051759982589"
"43.4890523366827","15.3900325857809","16.716174412012503","ais","7447","24391","True","False","9999.99","2899cfb18883251bt","MEDIUM","","","","","2899cfb18883251bt_043.48905233668269687541_015.39003258578090083120"
"42.972321741629","15.192003227072","29.015","ais","13191","22803","True","False","9999.99","2899cfb18883251bt","MEDIUM","","","","","2899cfb18883251bt_042.97232174162900264491_015.19200322707200001560"
"42.7968715208026","14.8407700736432","39.975","ais","15140","19935","True","False","9999.99","2899cfb18883251bt","MEDIUM","","","","","2899cfb18883251bt_042.79687152080259693321_014.84077007364320088811"
"43.5959074366146","14.49276443433","173.30445253814383","ais","6255","17143","True","False","9999.99","2899cfb18883251bt","MEDIUM","","","","","2899cfb18883251bt_043.59590743661460265912_014.49276443433000061134"
"43.5239656682487","14.0282315673065","153.1755956121683","ais","7021","13384","True","False","9999.99","2899cfb18883251bt","MEDIUM","","","","","2899cfb18883251bt_043.52396566824869950096_014.02823156730650033808"
"42.9643802820972","15.1385385875662","25.1","ais","13280","22367","True","False","9999.99","2899cfb18883251bt","MEDIUM","","","","","2899cfb18883251bt_042.96438028209720272343_015.13853858756620063275"
"43.0048796992266","15.1485344036639","31.4","ais","12830","22448","True","False","9999.99","2899cfb18883251bt","MEDIUM","","","","","2899cfb18883251bt_043.00487969922659914346_015.14853440366390024963"
"42.9448662006061","15.1878819125103","39.18","ais","13496","22770","True","False","9999.99","2899cfb18883251bt","MEDIUM","","","","","2899cfb18883251bt_042.94486620060609993743_015.18788191251029928708"
"43.1923785535527","14.9457182829688","149.15894444834314","ais","10749","20796","True","False","9999.99","2899cfb18883251bt","MEDIUM","","","","","2899cfb18883251bt_043.19237855355270028213_014.94571828296879978382"
"43.6692678235494","13.4818419519817","210.0","ais","5341","8998","True","False","4.814833267394004","2899cfb18883251bt","MEDIUM","","","","","2899cfb18883251bt_043.66926782354939717834_013.48184195198169987862"
"43.2619610588005","14.962982943183","208.58283873678707","ais","9976","20937","True","False","9999.99","2899cfb18883251bt","MEDIUM","","","","","2899cfb18883251bt_043.26196105880050168935_014.96298294318300037276"
"42.6273818944427","15.838124228858","132.56336698091928","ais","16989","28110","True","False","9999.99","2899cfb18883251bt","MEDIUM","","","","","2899cfb18883251bt_042.62738189444269920614_015.83812422885799975347"
"43.5605316050151","14.7708916853735","114.90536731967472","ais","6658","19387","True","False","9999.99","2899cfb18883251bt","MEDIUM","","","","","2899cfb18883251bt_043.56053160501510035374_014.77089168537350083454"
"43.1083198434221","14.9607086521007","197.90863704657556","ais","11683","20917","True","False","9999.99","2899cfb18883251bt","MEDIUM","","","","","2899cfb18883251bt_043.10831984342210176919_014.96070865210069911200"
"43.0030417482702","15.1729266992347","113.88","ais","12850","22646","True","False","9999.99","2899cfb18883251bt","MEDIUM","","","","","2899cfb18883251bt_043.00304174827019920713_015.17292669923470072035"
"42.7465000207238","14.2894626158621","37.6463664538876","ais","15676","15422","True","False","9999.99","2899cfb18883251bt","MEDIUM","","","","","2899cfb18883251bt_042.74650002072380061691_014.28946261586209942607"
"43.6543942953324","13.5942994424873","27.01","ais","5522","9902","True","True","5.905636018650232","2899cfb18883251bt","MEDIUM","","","","","2899cfb18883251bt_043.65439429533240200954_013.59429944248729960066"
"42.7599990583194","14.6927296261956","19.64","ais","15546","18723","True","True","9999.99","2899cfb18883251bt","MEDIUM","","","","","2899cfb18883251bt_042.75999905831940139933_014.69272962619560018993"
"42.7681455197412","15.6754030982358","20.54","ais","15438","26763","True","True","9999.99","2899cfb18883251bt","MEDIUM","","","","","2899cfb18883251bt_042.76814551974120348632_015.67540309823579924853"
"42.6203009187442","14.360525889397","23.275","ais","17082","15993","True","True","9999.99","2899cfb18883251bt","MEDIUM","","","","","2899cfb18883251bt_042.62030091874419923670_014.36052588939699958814"
"42.905108800768","14.1739522983973","18.58","ais","13906","14494","True","True","9999.99","2899cfb18883251bt","MEDIUM","","","","","2899cfb18883251bt_042.90510880076799793414_014.17395229839729964283"
"43.0771718018929","14.3210453230485","21.79","ais","12006","15710","True","True","9999.99","2899cfb18883251bt","MEDIUM","","","","","2899cfb18883251bt_043.07717180189290218095_014.32104532304849975333"
"42.9093642131822","15.1480697472345","32.4","ais","13891","22446","True","True","9999.99","2899cfb18883251bt","MEDIUM","","","","","2899cfb18883251bt_042.90936421318220084231_015.14806974723449961573"
"42.9526893105232","15.1390050085518","30.8","ais","13410","22371","True","True","9999.99","2899cfb18883251bt","MEDIUM","","","","","2899cfb18883251bt_042.95268931052319771879_015.13900500855180020210"
"42.5164701896985","14.2568928125482","16.823022420852777","ais","18228","15133","True","True","5.398563375840726","2899cfb18883251bt","MEDIUM","","","","","2899cfb18883251bt_042.51647018969850222447_014.25689281254819995581"
"42.7122344518938","14.1878854363084","21.42","ais","16049","14587","True","True","9999.99","2899cfb18883251bt","MEDIUM","","","","","2899cfb18883251bt_042.71223445189379930298_014.18788543630840059961"
"43.6381757990735","14.3084243955099","18.6","ais","5775","15659","True","True","9999.99","2899cfb18883251bt","MEDIUM","","","","","2899cfb18883251bt_043.63817579907350108215_014.30842439550990086161"
"43.3239667288522","14.6895447313234","22.1","ais","9283","18720","True","True","9999.99","2899cfb18883251bt","MEDIUM","","","","","2899cfb18883251bt_043.32396672885219857108_014.68954473132339977326"
"42.8641115247946","14.2597282335155","24.695","ais","14368","15190","True","True","9999.99","2899cfb18883251bt","MEDIUM","","","","","2899cfb18883251bt_042.86411152479460184850_014.25972823351549934046"
"42.5802743594588","15.2115326483101","25.0","ais","17544","22973","True","True","9999.99","2899cfb18883251bt","MEDIUM","","","","","2899cfb18883251bt_042.58027435945879801693_015.21153264831010076819"
"42.9452630965013","15.1700954952299","39.9","ais","13492","22625","True","True","9999.99","2899cfb18883251bt","MEDIUM","","","","","2899cfb18883251bt_042.94526309650130002638_015.17009549522989964032"
"43.0359390743412","14.2505203904647","21.25","ais","12459","15132","True","True","9999.99","2899cfb18883251bt","MEDIUM","","","","","2899cfb18883251bt_043.03593907434120069411_014.25052039046470042649"
"42.953608925003","15.1772553505582","29.42","ais","13399","22683","True","True","9999.99","2899cfb18883251bt","MEDIUM","","","","","2899cfb18883251bt_042.95360892500300309393_015.17725535055819996444"
"42.9467422488853","15.1256056270814","23.705","ais","13476","22262","True","True","9999.99","2899cfb18883251bt","MEDIUM","","","","","2899cfb18883251bt_042.94674224888530034150_015.12560562708140032839"
"43.7212117369607","15.2173888085371","22.875","ais","4874","22988","True","True","9999.99","2899cfb18883251bt","MEDIUM","","","","","2899cfb18883251bt_043.72121173696069718062_015.21738880853710007557"
"42.8100635989201","15.2333398983316","25.29","ais","14992","23145","True","True","9999.99","2899cfb18883251bt","MEDIUM","","","","","2899cfb18883251bt_042.81006359892010237900_015.23333989833160018179"
"43.4166765914826","14.4993251819803","19.05","ais","8246","17184","True","True","9999.99","2899cfb18883251bt","MEDIUM","","","","","2899cfb18883251bt_043.41667659148259872381_014.49932518198029995915"
"42.668058528533","14.6303485167706","19.9","ais","16565","18208","True","True","9999.99","2899cfb18883251bt","MEDIUM","","","","","2899cfb18883251bt_042.66805852853300251581_014.63034851677059933195"
"43.166069025971","14.4054088149736","26.775","ais","11024","16404","True","True","9999.99","2899cfb18883251bt","MEDIUM","","","","","2899cfb18883251bt_043.16606902597099804098_014.40540881497359926300"
"42.5371585897934","14.7075732298336","23.09","ais","18021","18836","True","True","9999.99","2899cfb18883251bt","MEDIUM","","","","","2899cfb18883251bt_042.53715858979339969892_014.70757322983359927093"
"43.7056099015362","13.9235112216748","20.2","ais","4993","12564","True","True","9999.99","2899cfb18883251bt","MEDIUM","","","","","2899cfb18883251bt_043.70560990153619940202_013.92351122167480070857"
"42.5362112837374","14.893539876444","24.02","ais","18035","20363","True","True","9999.99","2899cfb18883251bt","MEDIUM","","","","","2899cfb18883251bt_042.53621128373740134521_014.89353987644400056922"
"42.5954826206454","14.7773995540612","27.5","ais","17375","19411","True","True","9999.99","2899cfb18883251bt","MEDIUM","","","","","2899cfb18883251bt_042.59548262064539869698_014.77739955406119953807"
"42.9421466882834","15.2875383280545","24.94","ais","13524","23583","True","True","9999.99","2899cfb18883251bt","MEDIUM","","","","","2899cfb18883251bt_042.94214668828340109030_015.28753832805450052490"
"43.6549188495946","14.1477614008079","18.98094978964074","ais","5577","14365","True","True","9999.99","2899cfb18883251bt","MEDIUM","","","","","2899cfb18883251bt_043.65491884959460122673_014.14776140080789978981"
"43.6491586591375","14.1494426237744","14.87","ais","5641","14378","True","True","9999.99","2899cfb18883251bt","MEDIUM","","","","","2899cfb18883251bt_043.64915865913749826177_014.14944262377439976319"
"43.8435428185983","13.9134453294076","19.65","ais","3460","12503","True","True","9999.99","2899cfb18883251bt","MEDIUM","","","","","2899cfb18883251bt_043.84354281859830138046_013.91344532940759926021"
"42.5729831331765","14.6412554100482","19.84","ais","17621","18293","True","True","9999.99","2899cfb18883251bt","MEDIUM","","","","","2899cfb18883251bt_042.57298313317649984810_014.64125541004820085789"
"43.7704084478291","14.2060115657459","14.95","ais","4299","14847","True","True","9999.99","2899cfb18883251bt","MEDIUM","","","","","2899cfb18883251bt_043.77040844782909800870_014.20601156574590007153"
"43.0382165759014","14.9084090482566","28.7","ais","12461","20491","True","True","9999.99","2899cfb18883251bt","MEDIUM","","","","","2899cfb18883251bt_043.03821657590140148386_014.90840904825659940514"
"43.2777119063378","14.5101011353961","18.02","ais","9790","17262","True","True","9999.99","2899cfb18883251bt","MEDIUM","","","","","2899cfb18883251bt_043.27771190633779951895_014.51010113539610024702"
"42.7357588408608","14.6268805259919","19.51","ais","15813","18183","True","True","9999.99","2899cfb18883251bt","MEDIUM","","","","","2899cfb18883251bt_042.73575884086079668123_014.62688052599190058345"
"42.8369903255968","14.5568783031317","24.12","ais","14686","17616","True","True","9999.99","2899cfb18883251bt","MEDIUM","","","","","2899cfb18883251bt_042.83699032559680119903_014.55687830313170039176"
"43.7797411554787","15.201784612664","23.195","ais","4224","22861","True","True","5.775627927347024","2899cfb18883251bt","MEDIUM","","","","","2899cfb18883251bt_043.77974115547870326282_015.20178461266399949636"
"43.0820794810712","15.247760246176","21.6","ais","11971","23254","True","True","9999.99","2899cfb18883251bt","MEDIUM","","","","","2899cfb18883251bt_043.08207948107119733550_015.24776024617600000965"
"43.4644065628173","15.0448454843996","23.9","ais","7728","21600","True","True","9999.99","2899cfb18883251bt","MEDIUM","","","","","2899cfb18883251bt_043.46440656281730241517_015.04484548439960001076"
"43.7076384611328","14.1913256334052","22.25","ais","4995","14722","True","True","9999.99","2899cfb18883251bt","MEDIUM","","","","","2899cfb18883251bt_043.70763846113280237660_014.19132563340519936901"
"42.9343469652441","15.1147954713326","37.1","ais","13614","22174","True","True","9999.99","2899cfb18883251bt","MEDIUM","","","","","2899cfb18883251bt_042.93434696524410298935_015.11479547133260048497"
"42.6137240740062","14.8678035342097","18.85","ais","17174","20153","True","True","9999.99","2899cfb18883251bt","MEDIUM","","","","","2899cfb18883251bt_042.61372407400619977125_014.86780353420970079981"
"42.7047594924776","14.3115510805535","19.77","ais","16141","15599","True","True","9999.99","2899cfb18883251bt","MEDIUM","","","","","2899cfb18883251bt_042.70475949247759928085_014.31155108055349955976"
"42.9067982094165","15.3288637491517","22.8","ais","13915","23922","True","True","9999.99","2899cfb18883251bt","MEDIUM","","","","","2899cfb18883251bt_042.90679820941650035593_015.32886374915170080158"
"43.3811624597745","14.4335705204603","20.515","ais","8637","16649","True","True","9999.99","2899cfb18883251bt","MEDIUM","","","","","2899cfb18883251bt_043.38116245977450091686_014.43357052046030020165"
"43.0919493101995","13.9328354076817","23.04","ais","11809","12552","True","True","6.531158772301629","2899cfb18883251bt","MEDIUM","","","","","2899cfb18883251bt_043.09194931019950303153_013.93283540768170070123"
"43.7996282715715","14.1379998557504","20.15","ais","3969","14303","True","True","9999.99","2899cfb18883251bt","MEDIUM","","","","","2899cfb18883251bt_043.79962827157149973800_014.13799985575039919183"
"42.5772771519098","14.7249313989281","27.5","ais","17576","18980","True","True","9999.99","2899cfb18883251bt","MEDIUM","","","","","2899cfb18883251bt_042.57727715190979722593_014.72493139892809921321"
"42.9775245737241","14.2395914135884","25.0","ais","13107","15037","True","True","9999.99","2899cfb18883251bt","MEDIUM","","","","","2899cfb18883251bt_042.97752457372409651271_014.23959141358839985969"
"42.5629109133479","14.8587603140779","20.05","ais","17738","20078","True","True","9999.99","2899cfb18883251bt","MEDIUM","","","","","2899cfb18883251bt_042.56291091334789911116_014.85876031407789987782"
"43.0815925801067","14.1971649329366","16.57235917784773","ais","11948","14702","True","True","9999.99","2899cfb18883251bt","MEDIUM","","","","","2899cfb18883251bt_043.08159258010670100703_014.19716493293659986819"
"42.9816187248036","14.180423938832","15.83","ais","13057","14555","True","True","9999.99","2899cfb18883251bt","MEDIUM","","","","","2899cfb18883251bt_042.98161872480360301552_014.18042393883199991933"
"42.6586464080678","14.6872203339038","19.58","ais","16671","18674","True","True","9999.99","2899cfb18883251bt","MEDIUM","","","","","2899cfb18883251bt_042.65864640806780272442_014.68722033390380055096"
"42.9017256898429","15.1850681258669","30.9","ais","13975","22748","True","True","9999.99","2899cfb18883251bt","MEDIUM","","","","","2899cfb18883251bt_042.90172568984289824812_015.18506812586690024602"
"43.8702880732561","14.0890660778053","25.6","ais","3180","13918","True","True","9999.99","2899cfb18883251bt","MEDIUM","","","","","2899cfb18883251bt_043.87028807325609847112_014.08906607780530073626"
"43.1486203374135","14.9718076246225","19.05","ais","11235","21008","True","True","9999.99","2899cfb18883251bt","MEDIUM","","","","","2899cfb18883251bt_043.14862033741349733873_014.97180762462249958844"
"42.8569304638682","14.9347301095552","28.98","ais","14474","20704","True","True","9999.99","2899cfb18883251bt","MEDIUM","","","","","2899cfb18883251bt_042.85693046386820270754_014.93473010955520052789"
"42.8282896510896","14.5427482769776","23.385","ais","14782","17500","True","True","9999.99","2899cfb18883251bt","MEDIUM","","","","","2899cfb18883251bt_042.82828965108959806685_014.54274827697759953082"
"43.0103645541494","15.0869705178483","23.705","ais","12770","21946","True","True","9999.99","2899cfb18883251bt","MEDIUM","","","","","2899cfb18883251bt_043.01036455414939752018_015.08697051784830023280"
"43.8299129664441","14.3642844093089","22.0","ais","3649","16126","True","True","9999.99","2899cfb18883251bt","MEDIUM","","","","","2899cfb18883251bt_043.82991296644409828787_014.36428440930889927074"
"43.2699421690498","14.4129150026378","17.8","ais","9871","16473","True","True","9999.99","2899cfb18883251bt","MEDIUM","","","","","2899cfb18883251bt_043.26994216904979850824_014.41291500263779923330"
"43.7288535981901","14.1374014508387","19.55","ais","4755","14290","True","True","9999.99","2899cfb18883251bt","MEDIUM","","","","","2899cfb18883251bt_043.72885359819009920557_014.13740145083870025644"
"42.8721249655937","14.3644347302464","18.15","ais","14286","16046","True","True","9999.99","2899cfb18883251bt","MEDIUM","","","","","2899cfb18883251bt_042.87212496559369867555_014.36443473024639949642"
"42.5635272462462","15.1521223541613","21.3","ais","17731","22486","True","True","9999.99","2899cfb18883251bt","MEDIUM","","","","","2899cfb18883251bt_042.56352724624620265104_015.15212235416129971100"
"43.4368483385666","15.0735061228703","18.71","ais","8034","21832","True","True","9999.99","2899cfb18883251bt","MEDIUM","","","","","2899cfb18883251bt_043.43684833856659821549_015.07350612287030067193"
"43.8602793534561","14.0760282486698","19.44","ais","3290","13812","True","True","9999.99","2899cfb18883251bt","MEDIUM","","","","","2899cfb18883251bt_043.86027935345610018203_014.07602824866980029128"
"42.5226192857724","14.2069034387341","21.469301578686583","ais","18156","14723","True","True","2.79839687980911","2899cfb18883251bt","MEDIUM","","","","","2899cfb18883251bt_042.52261928577240013283_014.20690343873410022013"
"43.6232763850657","14.1794430295272","18.06","ais","5931","14617","True","True","9999.99","2899cfb18883251bt","MEDIUM","","","","","2899cfb18883251bt_043.62327638506570082200_014.17944302952719937139"
"43.1332792019492","15.2278124585716","39.8","ais","11403","23090","True","True","9999.99","2899cfb18883251bt","MEDIUM","","","","","2899cfb18883251bt_043.13327920194920039876_015.22781245857160037360"
"43.0363784463966","14.8999221374773","20.52","ais","12481","20422","True","True","9999.99","2899cfb18883251bt","MEDIUM","","","","","2899cfb18883251bt_043.03637844639659704171_014.89992213747730076534"
"43.27806987764","14.4175201232475","14.97","ais","9781","16511","True","True","9999.99","2899cfb18883251bt","MEDIUM","","","","","2899cfb18883251bt_043.27806987764000012930_014.41752012324750076289"
"42.7029744134389","14.7160743568526","27.5","ais","16180","18912","True","True","9999.99","2899cfb18883251bt","MEDIUM","","","","","2899cfb18883251bt_042.70297441343890199050_014.71607435685259979152"
"43.0414045128179","14.0012562551389","16.788882941384617","ais","12377","13102","True","True","9999.99","2899cfb18883251bt","MEDIUM","","","","","2899cfb18883251bt_043.04140451281789836457_014.00125625513889993101"
"42.709821792463","14.6552441474466","19.58","ais","16102","18414","True","True","9999.99","2899cfb18883251bt","MEDIUM","","","","","2899cfb18883251bt_042.70982179246300347586_014.65524414744660042231"
"43.8463703693676","14.214708418788","26.8","ais","3456","14925","True","True","9999.99","2899cfb18883251bt","MEDIUM","","","","","2899cfb18883251bt_043.84637036936759812988_014.21470841878799973301"
"43.7212501331658","13.6961653575631","22.4","ais","4793","10735","True","True","9999.99","2899cfb18883251bt","MEDIUM","","","","","2899cfb18883251bt_043.72125013316580321998_013.69616535756309971816"
"42.6469988177524","14.6674243590984","20.95","ais","16800","18511","True","True","9999.99","2899cfb18883251bt","MEDIUM","","","","","2899cfb18883251bt_042.64699881775239731496_014.66742435909839947783"
"42.8718739618469","14.1843262620699","15.54","ais","14276","14575","True","True","9999.99","2899cfb18883251bt","MEDIUM","","","","","2899cfb18883251bt_042.87187396184690157952_014.18432626206990043727"
"42.9148197808392","15.1729544433751","30.19","ais","13830","22649","True","True","9999.99","2899cfb18883251bt","MEDIUM","","","","","2899cfb18883251bt_042.91481978083920267864_015.17295444337509913169"
"43.6765735899143","14.3151788037336","24.16","ais","5349","15717","True","True","9999.99","2899cfb18883251bt","MEDIUM","","","","","2899cfb18883251bt_043.67657358991429816797_014.31517880373360007695"
"42.6370600102638","14.656377910031","24.5","ais","16910","18420","True","True","9999.99","2899cfb18883251bt","MEDIUM","","","","","2899cfb18883251bt_042.63706001026380221219_014.65637791003100076637"
"42.9715555979272","15.082869017853","27.72","ais","13201","21913","True","True","9999.99","2899cfb18883251bt","MEDIUM","","","","","2899cfb18883251bt_042.97155559792719969892_015.08286901785299960466"
"43.0117445994481","15.2852619431938","39.975","ais","12751","23562","True","True","9999.99","2899cfb18883251bt","MEDIUM","","","","","2899cfb18883251bt_043.01174459944810024581_015.28526194319380060449"
"42.9598324390836","15.1733256776162","23.79","ais","13330","22651","True","True","9999.99","2899cfb18883251bt","MEDIUM","","","","","2899cfb18883251bt_042.95983243908359838770_015.17332567761619976920"
"43.8680728751389","14.1894334453349","26.2","ais","3213","14724","True","True","9999.99","2899cfb18883251bt","MEDIUM","","","","","2899cfb18883251bt_043.86807287513889974662_014.18943344533490069637"
"42.8091232239637","14.4610786604686","20.61","ais","14991","16831","True","True","9999.99","2899cfb18883251bt","MEDIUM","","","","","2899cfb18883251bt_042.80912322396370228716_014.46107866046859946607"
"43.4403797106516","14.4253442002488","21.2","ais","7979","16587","True","True","9999.99","2899cfb18883251bt","MEDIUM","","","","","2899cfb18883251bt_043.44037971065159808859_014.42534420024879970867"
"42.9028392192406","15.1772296234066","26.096054321813195","ais","13963","22684","True","True","9999.99","2899cfb18883251bt","MEDIUM","","","","","2899cfb18883251bt_042.90283921924059740149_015.17722962340659975666"
"43.4605162971938","14.4573057474389","21.5","ais","7757","16847","True","True","9999.99","2899cfb18883251bt","MEDIUM","","","","","2899cfb18883251bt_043.46051629719379860717_014.45730574743889995659"
"43.3971927293083","14.2467123262243","18.05","ais","8447","15137","True","True","9999.99","2899cfb18883251bt","MEDIUM","","","","","2899cfb18883251bt_043.39719272930830129553_014.24671232622429961623"
"42.6181101928168","14.1730145246975","18.88","ais","17093","14455","True","True","7.1259745830719465","2899cfb18883251bt","MEDIUM","","","","","2899cfb18883251bt_042.61811019281680046333_014.17301452469749989405"
"58.6255511994216","4.77613646704485","67.73364760991561","ais","11138","8929","True","False","9999.99","72dba3e82f782f67t","MEDIUM","","","","","72dba3e82f782f67t_058.62555119942160075652_004.77613646704485006467"
"58.7472108987777","4.24821696267989","40.59407797626147","ais","9852","5838","True","False","9999.99","72dba3e82f782f67t","MEDIUM","","","","","72dba3e82f782f67t_058.74721089877770197063_004.24821696267988979656"
"58.8299435590814","5.4014519838534","103.87264375019356","ais","8750","12478","True","False","8.163712797381468","72dba3e82f782f67t","MEDIUM","","","","","72dba3e82f782f67t_058.82994355908139993971_005.40145198385340030711"
"58.8665200050645","4.13201625571217","72.60220715945047","ais","8536","5143","True","False","9999.99","72dba3e82f782f67t","MEDIUM","","","","","72dba3e82f782f67t_058.86652000506450121975_004.13201625571216979438"
"58.0109852306194","4.53804167610893","109.0356291617819","ais","18013","7703","True","False","9999.99","72dba3e82f782f67t","MEDIUM","","","","","72dba3e82f782f67t_058.01098523061939715717_004.53804167610893038898"
"58.9553968532812","5.17030389667844","73.03779471053149","ais","7399","11098","True","False","9999.99","72dba3e82f782f67t","MEDIUM","","","","","72dba3e82f782f67t_058.95539685328120071972_005.17030389667843959245"
"58.2734616005528","4.24561242955343","154.93051321106054","ais","15127","5921","True","False","9999.99","72dba3e82f782f67t","MEDIUM","","","","","72dba3e82f782f67t_058.27346160055279966627_004.24561242955342965644"
"58.5985022583744","4.05237840770952","128.91922763051926","ais","11527","4731","True","False","9999.99","72dba3e82f782f67t","MEDIUM","","","","","72dba3e82f782f67t_058.59850225837440262922_004.05237840770952040259"
"58.8376673047633","5.35552580414471","176.43770544434946","ais","8673","12210","True","False","9999.99","72dba3e82f782f67t","MEDIUM","","","","","72dba3e82f782f67t_058.83766730476330053534_005.35552580414471002257"
"58.8934771182421","5.10871583479907","125.25736071091283","ais","8099","10766","True","False","9999.99","72dba3e82f782f67t","MEDIUM","","","","","72dba3e82f782f67t_058.89347711824210307441_005.10871583479906998804"
"58.0858857647599","6.54428304364517","75.21886796387497","ais","16734","19509","True","False","2.9438082644126147","72dba3e82f782f67t","MEDIUM","","","","","72dba3e82f782f67t_058.08588576475990095105_006.54428304364517021696"
"58.2420195474644","4.13693642102249","218.6134387586239","ais","15488","5290","True","False","9999.99","72dba3e82f782f67t","MEDIUM","","","","","72dba3e82f782f67t_058.24201954746440179633_004.13693642102249015124"
"58.0225898729396","6.79871247351358","20.580484813931815","ais","17356","21047","True","False","4.708403189493331","72dba3e82f782f67t","MEDIUM","","","","","72dba3e82f782f67t_058.02258987293959791032_006.79871247351358043431"
"58.1914000904385","5.54791362095314","87.61077233777876","ais","15825","13593","True","False","9999.99","72dba3e82f782f67t","MEDIUM","","","","","72dba3e82f782f67t_058.19140009043849914860_005.54791362095313989045"
"58.1002074636829","6.3938789638203","81.36606863379302","ais","16620","18615","True","False","9999.99","72dba3e82f782f67t","MEDIUM","","","","","72dba3e82f782f67t_058.10020746368289934480_006.39387896382029996545"
"58.5981921593669","5.07657245900584","73.23676078916431","ais","11392","10683","True","False","9999.99","72dba3e82f782f67t","MEDIUM","","","","","72dba3e82f782f67t_058.59819215936690284252_005.07657245900584008780"
"58.4027098982562","5.41419760523512","66.67430275884401","ais","13502","12722","True","False","9999.99","72dba3e82f782f67t","MEDIUM","","","","","72dba3e82f782f67t_058.40270989825619807334_005.41419760523512039185"
"58.6922278943325","4.6576602229068","85.57494067459079","ais","10413","8223","True","False","9999.99","72dba3e82f782f67t","MEDIUM","","","","","72dba3e82f782f67t_058.69222789433249687363_004.65766022290679959639"
"59.0023790196603","5.10833200910966","56.97418487622","ais","6887","10726","True","False","9999.99","72dba3e82f782f67t","MEDIUM","","","","","72dba3e82f782f67t_059.00237901966030307221_005.10833200910965956609"
"57.7991508715366","6.37144320568573","49.84159572654037","ais","19976","18650","True","False","9999.99","72dba3e82f782f67t","MEDIUM","","","","","72dba3e82f782f67t_057.79915087153659669639_006.37144320568572997132"
"57.8364469788394","4.57414971263676","48.134653523003855","ais","19951","7961","True","False","9999.99","72dba3e82f782f67t","MEDIUM","","","","","72dba3e82f782f67t_057.83644697883939755911_004.57414971263675962376"
"58.8144725024339","5.36281674096651","78.98804905729261","ais","8930","12261","True","False","9.593935621236486","72dba3e82f782f67t","MEDIUM","","","","","72dba3e82f782f67t_058.81447250243390101332_005.36281674096650995409"
"58.2068671571867","4.50578706479305","175.0","ais","15837","7464","True","False","9999.99","72dba3e82f782f67t","MEDIUM","","","","","72dba3e82f782f67t_058.20686715718670001252_004.50578706479304980093"
"59.1980646548023","5.55826187597625","27.836445825326667","ais","4619","13226","True","False","4.134617691755732","72dba3e82f782f67t","MEDIUM","","","","","72dba3e82f782f67t_059.19806465480230173171_005.55826187597624965520"
"58.4410806391219","5.67219499803456","73.36350928876243","ais","13018","14213","True","False","9.328049619755147","72dba3e82f782f67t","MEDIUM","","","","","72dba3e82f782f67t_058.44108063912189976463_005.67219499803456006504"
"59.1430701047067","4.72014544828675","95.38475804955227","ais","5385","8456","True","False","9999.99","72dba3e82f782f67t","MEDIUM","","","","","72dba3e82f782f67t_059.14307010470670178393_004.72014544828675042254"
"59.0378188974292","3.77620080115054","74.51956711204866","ais","6658","3069","True","False","9999.99","72dba3e82f782f67t","MEDIUM","","","","","72dba3e82f782f67t_059.03781889742919730679_003.77620080115053990966"
"57.7606812713094","5.82874969762414","57.143342940342855","ais","20552","15444","True","False","9999.99","72dba3e82f782f67t","MEDIUM","","","","","72dba3e82f782f67t_057.76068127130940155212_005.82874969762413996932"
"58.1312583120059","5.64691045588662","218.47920338123683","ais","16472","14201","True","False","9999.99","72dba3e82f782f67t","MEDIUM","","","","","72dba3e82f782f67t_058.13125831200589743730_005.64691045588662010601"
"58.2033684445668","4.64541975372449","163.56852211144303","ais","15857","8285","True","False","9999.99","72dba3e82f782f67t","MEDIUM","","","","","72dba3e82f782f67t_058.20336844456679870063_004.64541975372449034154"
"57.7410426068568","6.50856616899304","103.1308416207328","ais","20581","19498","True","False","9999.99","72dba3e82f782f67t","MEDIUM","","","","","72dba3e82f782f67t_057.74104260685680145571_006.50856616899304007973"
"57.5599666866892","4.03985428138572","93.2284816977174","ais","23090","4836","True","False","9999.99","72dba3e82f782f67t","MEDIUM","","","","","72dba3e82f782f67t_057.55996668668920079881_004.03985428138572011392"
"59.0389786902115","5.09557844441286","35.470955389744844","ais","6482","10640","True","False","9999.99","72dba3e82f782f67t","MEDIUM","","","","","72dba3e82f782f67t_059.03897869021150057733_005.09557844441286000858"
"58.8850425685592","4.82838384959579","216.256969538738","ais","8241","9153","True","False","9999.99","72dba3e82f782f67t","MEDIUM","","","","","72dba3e82f782f67t_058.88504256855920004909_004.82838384959578981181"
"58.87724450307","3.47517873555847","50.8","ais","8462","1355","True","False","9999.99","72dba3e82f782f67t","MEDIUM","","","","","72dba3e82f782f67t_058.87724450307000267912_003.47517873555846978917"
"57.8006101375146","6.30236571102841","69.23192413426976","ais","19980","18239","True","False","9999.99","72dba3e82f782f67t","MEDIUM","","","","","72dba3e82f782f67t_057.80061013751460308185_006.30236571102841036662"
"58.9219400944366","4.06312230432202","107.168567642767","ais","7925","4736","True","False","9999.99","72dba3e82f782f67t","MEDIUM","","","","","72dba3e82f782f67t_058.92194009443660007719_004.06312230432201992869"
"58.2307285640791","5.39053680813207","132.03931508183598","ais","15421","12652","True","False","9999.99","72dba3e82f782f67t","MEDIUM","","","","","72dba3e82f782f67t_058.23072856407910080634_005.39053680813206970157"
"58.0355476110562","4.43969803273121","97.8949199297743","ais","17753","7116","True","False","9999.99","72dba3e82f782f67t","MEDIUM","","","","","72dba3e82f782f67t_058.03554761105620229955_004.43969803273120966480"
"58.4365935651545","5.78241304514346","57.02255454487895","ais","13042","14858","True","False","5.076549815578104","72dba3e82f782f67t","MEDIUM","","","","","72dba3e82f782f67t_058.43659356515450298275_005.78241304514345966226"
"58.7603770505624","4.40227974327134","222.2061315626922","ais","9688","6727","True","False","9999.99","72dba3e82f782f67t","MEDIUM","","","","","72dba3e82f782f67t_058.76037705056239701662_004.40227974327133964039"
"58.8731899417437","4.52893577906491","74.19852437653557","ais","8416","7431","True","False","9999.99","72dba3e82f782f67t","MEDIUM","","","","","72dba3e82f782f67t_058.87318994174370345718_004.52893577906491007212"
"57.7928549346612","6.44369961470246","145.17300111676286","ais","20024","19082","True","False","9999.99","72dba3e82f782f67t","MEDIUM","","","","","72dba3e82f782f67t_057.79285493466120016137_006.44369961470246011004"
"58.8846220410506","4.62896597948833","91.61130703269431","ais","8275","8004","True","False","9999.99","72dba3e82f782f67t","MEDIUM","","","","","72dba3e82f782f67t_058.88462204105059782933_004.62896597948833044001"
"59.1334310162603","5.33158909288437","52.27414729724679","ais","5386","11957","True","False","2.7909481219496954","72dba3e82f782f67t","MEDIUM","","","","","72dba3e82f782f67t_059.13343101626030318130_005.33158909288436966278"
"58.3651856263346","5.96517114586736","65.30269044535505","ais","13791","15959","True","False","4.819614470834903","72dba3e82f782f67t","MEDIUM","","","","","72dba3e82f782f67t_058.36518562633460049938_005.96517114586735974768"
"58.6130261285842","4.88409500709102","149.083949830409","ais","11260","9560","True","False","9999.99","72dba3e82f782f67t","MEDIUM","","","","","72dba3e82f782f67t_058.61302612858420246766_004.88409500709101962457"
"58.3171390900707","6.0318696133024","66.7577996472899","ais","14308","16374","True","False","6.830643790417403","72dba3e82f782f67t","MEDIUM","","","","","72dba3e82f782f67t_058.31713909007069673862_006.03186961330240034584"
"58.7289573875071","5.18675418062626","102.30267207525873","ais","9916","11275","True","False","9999.99","72dba3e82f782f67t","MEDIUM","","","","","72dba3e82f782f67t_058.72895738750710137310_005.18675418062626025772"
"58.1284925948498","5.9251407990912","57.58625877408426","ais","16435","15840","True","False","9999.99","72dba3e82f782f67t","MEDIUM","","","","","72dba3e82f782f67t_058.12849259484980279922_005.92514079909120017220"
"58.0553536165656","6.53990234635067","79.95376367219055","ais","17075","19501","True","False","5.263076654266878","72dba3e82f782f67t","MEDIUM","","","","","72dba3e82f782f67t_058.05535361656559700805_006.53990234635066958191"
"58.8163760376359","4.18441404698411","34.32254098118411","ais","9089","5456","True","False","9999.99","72dba3e82f782f67t","MEDIUM","","","","","72dba3e82f782f67t_058.81637603763589794426_004.18441404698411023588"
"58.822576251787","5.36012718358549","80.61672121178624","ais","8840","12242","True","False","9999.99","72dba3e82f782f67t","MEDIUM","","","","","72dba3e82f782f67t_058.82257625178699811386_005.36012718358549022923"
"58.0785285069411","5.1616012611298","108.91758958366134","ais","17161","11363","True","False","9999.99","72dba3e82f782f67t","MEDIUM","","","","","72dba3e82f782f67t_058.07852850694109747565_005.16160126112979966706"
"58.5259433845087","3.83237421050194","63.97","ais","12353","3462","True","True","9999.99","72dba3e82f782f67t","MEDIUM","","","","","72dba3e82f782f67t_058.52594338450870026236_003.83237421050194004835"
"58.4498182238455","3.73317338776034","57.3","ais","13207","2894","True","True","9999.99","72dba3e82f782f67t","MEDIUM","","","","","72dba3e82f782f67t_058.44981822384549730032_003.73317338776034013392"
"57.8355815387346","5.59815294496402","64.0","ais","19773","14040","True","True","9999.99","72dba3e82f782f67t","MEDIUM","","","","","72dba3e82f782f67t_057.83558153873460128125_005.59815294496401971713"
"58.7704063769849","3.73379508377673","70.3","ais","9638","2859","True","True","9999.99","72dba3e82f782f67t","MEDIUM","","","","","72dba3e82f782f67t_058.77040637698490144203_003.73379508377673019481"
"58.3839989219795","4.1451742654991","37.315","ais","13907","5311","True","True","9999.99","72dba3e82f782f67t","MEDIUM","","","","","72dba3e82f782f67t_058.38399892197949725414_004.14517426549909995259"
"58.8619526050942","4.37136372756848","34.355","ais","8561","6525","True","True","9999.99","72dba3e82f782f67t","MEDIUM","","","","","72dba3e82f782f67t_058.86195260509420279504_004.37136372756847979559"
"57.7431878309697","5.9447987855208","42.9","ais","20717","16142","True","True","9999.99","72dba3e82f782f67t","MEDIUM","","","","","72dba3e82f782f67t_057.74318783096970264523_005.94479878552079998855"
"58.0707443104359","4.18455879815534","18.3","ais","17390","5603","True","True","9999.99","72dba3e82f782f67t","MEDIUM","","","","","72dba3e82f782f67t_058.07074431043589868295_004.18455879815534004251"
"58.3789721165189","3.85925327674476","54.6","ais","13988","3640","True","True","9999.99","72dba3e82f782f67t","MEDIUM","","","","","72dba3e82f782f67t_058.37897211651890216899_003.85925327674475981965"
"57.7585886836802","5.85038520265877","53.0","ais","20570","15573","True","True","9999.99","72dba3e82f782f67t","MEDIUM","","","","","72dba3e82f782f67t_057.75858868368020182515_005.85038520265876993420"
"57.6640721034493","5.29778578865811","88.38","ais","21747","12322","True","True","9999.99","72dba3e82f782f67t","MEDIUM","","","","","72dba3e82f782f67t_057.66407210344929978874_005.29778578865810967358"
"58.3622520095979","3.8570477638077","56.0","ais","14174","3629","True","True","9999.99","72dba3e82f782f67t","MEDIUM","","","","","72dba3e82f782f67t_058.36225200959790271327_003.85704776380769986943"
"58.3660657645579","3.83945211753254","50.2","ais","14133","3526","True","True","9999.99","72dba3e82f782f67t","MEDIUM","","","","","72dba3e82f782f67t_058.36606576455790218461_003.83945211753253978770"
"57.8759373893898","5.63772936282823","40.305","ais","19315","14258","True","True","9999.99","72dba3e82f782f67t","MEDIUM","","","","","72dba3e82f782f67t_057.87593738938979726072_005.63772936282822989540"
"58.5339824672668","3.9183028967298","61.54","ais","12257","3962","True","True","9999.99","72dba3e82f782f67t","MEDIUM","","","","","72dba3e82f782f67t_058.53398246726680298480_003.91830289672979992233"
"49.6719725342059","-5.43265291219755","209.3538425986991","ais","5567","13257","True","False","9999.99","e98ca5aba8849b06t","MEDIUM","","","","","e98ca5aba8849b06t_049.67197253420589930784_-05.43265291219755042107"
"49.6774595446641","-3.26697055772189","131.37593571536144","ais","5786","28883","True","False","9999.99","e98ca5aba8849b06t","MEDIUM","","","","","e98ca5aba8849b06t_049.67745954466410296391_-03.26697055772189015599"
"49.8961523535691","-5.85243198436212","115.04274913913764","ais","2968","10324","True","False","9999.99","e98ca5aba8849b06t","MEDIUM","","","","","e98ca5aba8849b06t_049.89615235356910005748_-05.85243198436211997659"
"49.6112527189291","-3.92598284079882","182.45929487577052","ais","6485","24119","True","False","9999.99","e98ca5aba8849b06t","MEDIUM","","","","","e98ca5aba8849b06t_049.61125271892910149063_-03.92598284079882020592"
"48.9985151035273","-5.63902238127953","96.54794054278072","ais","13002","11507","True","False","9999.99","e98ca5aba8849b06t","MEDIUM","","","","","e98ca5aba8849b06t_048.99851510352730343811_-05.63902238127953037150"
"48.903830625953","-5.77859280139098","168.41151152443152","ais","14018","10448","True","False","9999.99","e98ca5aba8849b06t","MEDIUM","","","","","e98ca5aba8849b06t_048.90383062595299890063_-05.77859280139097997164"
"48.3447735372427","-4.49187635228069","28.438625959198163","ais","20497","19755","True","False","2.897310045847632","e98ca5aba8849b06t","MEDIUM","","","","","e98ca5aba8849b06t_048.34477353724270187740_-04.49187635228069037652"
"48.7641552762663","-5.92095273931208","109.0","ais","15531","9345","True","False","9999.99","e98ca5aba8849b06t","MEDIUM","","","","","e98ca5aba8849b06t_048.76415527626630108671_-05.92095273931207977114"
"49.6457364643791","-3.89405154619557","360.0","ais","6104","24355","True","False","9999.99","e98ca5aba8849b06t","MEDIUM","","","","","e98ca5aba8849b06t_049.64573646437909815177_-03.89405154619556981288"
"49.3975334719559","-5.74597123245434","207.4214509024129","ais","8539","10886","True","False","9999.99","e98ca5aba8849b06t","MEDIUM","","","","","e98ca5aba8849b06t_049.39753347195590293950_-05.74597123245434016070"
"49.1006672882674","-4.6674262827205","107.302285897877","ais","12068","18638","True","False","9999.99","e98ca5aba8849b06t","MEDIUM","","","","","e98ca5aba8849b06t_049.10066728826740245495_-04.66742628272050019689"
"49.5988567027482","-5.31589898480336","220.99027726517696","ais","6406","14075","True","False","9999.99","e98ca5aba8849b06t","MEDIUM","","","","","e98ca5aba8849b06t_049.59885670274820057557_-05.31589898480336042752"
"49.3755756894316","-4.0683554084311","116.50491428139816","ais","9091","23054","True","False","9999.99","e98ca5aba8849b06t","MEDIUM","","","","","e98ca5aba8849b06t_049.37557568943159935770_-04.06835540843109999543"
"48.8488943195891","-5.36573755753828","235.37936073969524","ais","14731","13454","True","False","9999.99","e98ca5aba8849b06t","MEDIUM","","","","","e98ca5aba8849b06t_048.84889431958909966625_-05.36573755753827974502"
"49.8184583124182","-5.91697988693848","104.20817286069172","ais","3814","9827","True","False","9999.99","e98ca5aba8849b06t","MEDIUM","","","","","e98ca5aba8849b06t_049.81845831241820121704_-05.91697988693848042629"
"49.7310136835564","-3.6939370838993","171.6608121113523","ais","5171","25808","True","False","9999.99","e98ca5aba8849b06t","MEDIUM","","","","","e98ca5aba8849b06t_049.73101368355639806396_-03.69393708389929997793"
"49.2945614832271","-4.70341236461607","124.31643864563183","ais","9907","18424","True","False","9999.99","e98ca5aba8849b06t","MEDIUM","","","","","e98ca5aba8849b06t_049.29456148322709907461_-04.70341236461606992947"
"49.425641797116","-3.96037459972584","148.43836608266054","ais","8545","23845","True","False","9999.99","e98ca5aba8849b06t","MEDIUM","","","","","e98ca5aba8849b06t_049.42564179711600047540_-03.96037459972583993917"
"48.8285938580738","-5.43783248165828","181.64941480668296","ais","14940","12918","True","False","9999.99","e98ca5aba8849b06t","MEDIUM","","","","","e98ca5aba8849b06t_048.82859385807380192546_-05.43783248165827970411"
"49.2521127503838","-4.94262614312283","215.32949957141668","ais","10337","16672","True","False","9999.99","e98ca5aba8849b06t","MEDIUM","","","","","e98ca5aba8849b06t_049.25211275038380165370_-04.94262614312282977380"
"48.9383096468234","-5.18353674119017","171.24439004441305","ais","13777","14819","True","False","9999.99","e98ca5aba8849b06t","MEDIUM","","","","","e98ca5aba8849b06t_048.93830964682339867977_-05.18353674119016982758"
"49.0571023336698","-5.43505488595319","152.26463179903126","ais","12401","13019","True","False","9999.99","e98ca5aba8849b06t","MEDIUM","","","","","e98ca5aba8849b06t_049.05710233366980332903_-05.43505488595318997369"
"49.2518242400754","-4.32885803196481","115.35812199265096","ais","10437","21139","True","False","9999.99","e98ca5aba8849b06t","MEDIUM","","","","","e98ca5aba8849b06t_049.25182424007540049615_-04.32885803196480978272"
"49.1166340787306","-5.19812585338307","103.74456511742385","ais","11792","14769","True","False","9999.99","e98ca5aba8849b06t","MEDIUM","","","","","e98ca5aba8849b06t_049.11663407873059838948_-05.19812585338307009408"
"49.3794247251792","-4.42886213529575","102.02014220557336","ais","9005","20438","True","False","9999.99","e98ca5aba8849b06t","MEDIUM","","","","","e98ca5aba8849b06t_049.37942472517919867414_-04.42886213529575023529"
"49.4465199588543","-4.39089722396547","137.19573379372295","ais","8264","20727","True","False","9999.99","e98ca5aba8849b06t","MEDIUM","","","","","e98ca5aba8849b06t_049.44651995885430295630_-04.39089722396546999761"
"48.9406513557932","-5.69853178477784","102.00819308824065","ais","13630","11049","True","False","9999.99","e98ca5aba8849b06t","MEDIUM","","","","","e98ca5aba8849b06t_048.94065135579320013903_-05.69853178477784005906"
"49.3241117637271","-4.74068582818068","282.68849009038985","ais","9572","18160","True","False","9999.99","e98ca5aba8849b06t","MEDIUM","","","","","e98ca5aba8849b06t_049.32411176372710315263_-04.74068582818067962847"
"49.6896230124998","-3.79611191048973","197.1159069863321","ais","5624","25067","True","False","9999.99","e98ca5aba8849b06t","MEDIUM","","","","","e98ca5aba8849b06t_049.68962301249980129114_-03.79611191048973006801"
"48.6820514972147","-5.9554845136234","146.46322730216","ais","16434","9056","True","False","9999.99","e98ca5aba8849b06t","MEDIUM","","","","","e98ca5aba8849b06t_048.68205149721470093027_-05.95548451362340003357"
"48.6015716104871","-5.73499921062526","157.75603044385","ais","17389","10646","True","False","9999.99","e98ca5aba8849b06t","MEDIUM","","","","","e98ca5aba8849b06t_048.60157161048709895113_-05.73499921062525963578"
"49.2971224658835","-5.05313049292189","168.64824456120732","ais","9815","15882","True","False","9999.99","e98ca5aba8849b06t","MEDIUM","","","","","e98ca5aba8849b06t_049.29712246588349700005_-05.05313049292189031547"
"49.0000700777928","-4.98351241708296","173.35324614590252","ais","13131","16301","True","False","9999.99","e98ca5aba8849b06t","MEDIUM","","","","","e98ca5aba8849b06t_049.00007007779279888382_-04.98351241708296033295"
"49.9461685443216","-5.56431820515142","109.83434650778528","ais","2487","12412","True","False","9999.99","e98ca5aba8849b06t","MEDIUM","","","","","e98ca5aba8849b06t_049.94616854432160124588_-05.56431820515142039341"
"49.0254323287641","-5.45126940293416","121.993767410677","ais","12749","12890","True","False","9999.99","e98ca5aba8849b06t","MEDIUM","","","","","e98ca5aba8849b06t_049.02543232876409717846_-05.45126940293415973571"
"48.8654531160255","-5.41164682924152","193.79645307568532","ais","14537","13123","True","False","9999.99","e98ca5aba8849b06t","MEDIUM","","","","","e98ca5aba8849b06t_048.86545311602549901409_-05.41164682924152007359"
"49.7352015161594","-3.55583985198857","136.2091034346895","ais","5133","26804","True","False","9999.99","e98ca5aba8849b06t","MEDIUM","","","","","e98ca5aba8849b06t_049.73520151615939965950_-03.55583985198857011056"
"49.5965612521325","-6.42345136166715","31.819234530495837","ais","6126","6072","True","False","9999.99","e98ca5aba8849b06t","MEDIUM","","","","","e98ca5aba8849b06t_049.59656125213250277284_-06.42345136166714958392"
"48.9904892521137","-5.51554886956068","112.44061174336096","ais","13122","12407","True","False","9999.99","e98ca5aba8849b06t","MEDIUM","","","","","e98ca5aba8849b06t_048.99048925211369720500_-05.51554886956068024517"
"48.7547908119875","-4.73938765382451","52.86262179042295","ais","15901","18025","True","False","9999.99","e98ca5aba8849b06t","MEDIUM","","","","","e98ca5aba8849b06t_048.75479081198749753412_-04.73938765382450988284"
"49.3517078602166","-5.26521344204809","155.65277761361898","ais","9165","14358","True","False","9999.99","e98ca5aba8849b06t","MEDIUM","","","","","e98ca5aba8849b06t_049.35170786021659949938_-05.26521344204808983136"
"49.0330635865136","-4.86367802747412","124.8296508357371","ais","12786","17187","True","False","9999.99","e98ca5aba8849b06t","MEDIUM","","","","","e98ca5aba8849b06t_049.03306358651359886380_-04.86367802747412003583"
"48.5980498628454","-5.31205686761035","85.93560513436135","ais","17531","13763","True","False","9999.99","e98ca5aba8849b06t","MEDIUM","","","","","e98ca5aba8849b06t_048.59804986284540007091_-05.31205686761034989729"
"49.9694383280402","-5.64600739519218","114.25403135700316","ais","2208","11835","True","False","7.300482359686754","e98ca5aba8849b06t","MEDIUM","","","","","e98ca5aba8849b06t_049.96943832804019791638_-05.64600739519218031148"
"49.3279292073427","-4.22062905466071","189.93297794021927","ais","9604","21940","True","False","9999.99","e98ca5aba8849b06t","MEDIUM","","","","","e98ca5aba8849b06t_049.32792920734269870309_-04.22062905466071036642"
"49.6385364442894","-6.19864382969884","211.95727683623463","ais","5731","7716","True","False","9999.99","e98ca5aba8849b06t","MEDIUM","","","","","e98ca5aba8849b06t_049.63853644428940015132_-06.19864382969883997987"
"49.7354799921322","-5.0602059574004","168.41245671665652","ais","4941","15964","True","False","9999.99","e98ca5aba8849b06t","MEDIUM","","","","","e98ca5aba8849b06t_049.73547999213219839021_-05.06020595740039969002"
"48.6773378575969","-5.70666500328525","63.27012595452144","ais","16554","10885","True","False","9999.99","e98ca5aba8849b06t","MEDIUM","","","","","e98ca5aba8849b06t_048.67733785759690334771_-05.70666500328525039265"
"49.6046822872535","-3.36320239924379","78.52347359198468","ais","6593","28185","True","False","9999.99","e98ca5aba8849b06t","MEDIUM","","","","","e98ca5aba8849b06t_049.60468228725350314789_-03.36320239924378983076"
"49.4883593043819","-3.67701268601162","70.30697829070667","ais","7870","25906","True","False","9999.99","e98ca5aba8849b06t","MEDIUM","","","","","e98ca5aba8849b06t_049.48835930438190189307_-03.67701268601161990190"
"49.5205379408384","-5.89189198297831","271.9812360544898","ais","7132","9880","True","False","9999.99","e98ca5aba8849b06t","MEDIUM","","","","","e98ca5aba8849b06t_049.52053794083840188023_-05.89189198297830962758"
"49.8775887834728","-5.18037824473875","133.1491702536853","ais","3337","15144","True","False","8.877159795755862","e98ca5aba8849b06t","MEDIUM","","","","","e98ca5aba8849b06t_049.87758878347280244725_-05.18037824473875030407"
"49.83788853265","-5.96724429243874","152.56855557070267","ais","3584","9474","True","False","9999.99","e98ca5aba8849b06t","MEDIUM","","","","","e98ca5aba8849b06t_049.83788853264999829662_-05.96724429243873988327"
"49.1396282655395","-5.112158373397","185.102265184024","ais","11554","15404","True","False","9999.99","e98ca5aba8849b06t","MEDIUM","","","","","e98ca5aba8849b06t_049.13962826553949980735_-05.11215837339700041042"
"48.5878837751108","-5.71510139545977","127.3977190901077","ais","17546","10788","True","False","9999.99","e98ca5aba8849b06t","MEDIUM","","","","","e98ca5aba8849b06t_048.58788377511079659143_-05.71510139545976958431"
"49.8061032893102","-5.14525692788898","189.2505789021372","ais","4139","15373","True","False","9999.99","e98ca5aba8849b06t","MEDIUM","","","","","e98ca5aba8849b06t_049.80610328931020092114_-05.14525692788897970331"
"49.1331980294669","-4.71363600809908","267.81411074312666","ais","11699","18309","True","False","9999.99","e98ca5aba8849b06t","MEDIUM","","","","","e98ca5aba8849b06t_049.13319802946689662804_-04.71363600809907978828"
"49.5131875588869","-4.17092996212644","81.61495541243481","ais","7550","22333","True","False","9999.99","e98ca5aba8849b06t","MEDIUM","","","","","e98ca5aba8849b06t_049.51318755888689793210_-04.17092996212643996046"
"49.6704220052086","-3.80050282486921","150.85779572326447","ais","5837","25033","True","False","9999.99","e98ca5aba8849b06t","MEDIUM","","","","","e98ca5aba8849b06t_049.67042200520860006918_-03.80050282486921009450"
"49.1263502824393","-4.79318588167953","222.8947021230688","ais","11762","17727","True","False","9999.99","e98ca5aba8849b06t","MEDIUM","","","","","e98ca5aba8849b06t_049.12635028243929724567_-04.79318588167952963630"
"49.3972956816373","-4.55549429750139","299.0","ais","8788","19523","True","False","9999.99","e98ca5aba8849b06t","MEDIUM","","","","","e98ca5aba8849b06t_049.39729568163730277774_-04.55549429750139012185"
"49.3602371732802","-4.04295083268172","89.00538473466237","ais","9264","23236","True","False","9999.99","e98ca5aba8849b06t","MEDIUM","","","","","e98ca5aba8849b06t_049.36023717328019699835_-04.04295083268172028568"
"49.3711152322504","-4.53070746294657","164.42237017381828","ais","9083","19697","True","False","9999.99","e98ca5aba8849b06t","MEDIUM","","","","","e98ca5aba8849b06t_049.37111523225040343732_-04.53070746294656956366"
"49.7446665018959","-5.25945267704628","206.43955242700275","ais","4798","14531","True","False","9999.99","e98ca5aba8849b06t","MEDIUM","","","","","e98ca5aba8849b06t_049.74466650189589955744_-05.25945267704627994476"
"49.5532823389093","-3.95968249716319","149.5","ais","7126","23868","True","False","9999.99","e98ca5aba8849b06t","MEDIUM","","","","","e98ca5aba8849b06t_049.55328233890929823247_-03.95968249716319009579"
"49.6716893081467","-4.34073162966254","170.90889339068","ais","5768","21135","True","False","9999.99","e98ca5aba8849b06t","MEDIUM","","","","","e98ca5aba8849b06t_049.67168930814670346763_-04.34073162966253978112"
"48.8320666157333","-6.06398238077312","193.09769161333668","ais","14735","8324","True","False","9999.99","e98ca5aba8849b06t","MEDIUM","","","","","e98ca5aba8849b06t_048.83206661573329654402_-06.06398238077311990679"
"49.2153694314947","-4.35354942564556","87.92126109096901","ais","10839","20952","True","False","9999.99","e98ca5aba8849b06t","MEDIUM","","","","","e98ca5aba8849b06t_049.21536943149470033632_-04.35354942564555980056"
"49.3489021122717","-6.4775793974581","172.88360611127527","ais","8861","5553","True","False","9999.99","e98ca5aba8849b06t","MEDIUM","","","","","e98ca5aba8849b06t_049.34890211227170198072_-06.47757939745809974141"
"49.1629089158702","-5.40782389043397","188.35628977065116","ais","11231","13256","True","False","9999.99","e98ca5aba8849b06t","MEDIUM","","","","","e98ca5aba8849b06t_049.16290891587019729059_-05.40782389043396971573"
"49.4972115632546","-4.30343568164774","225.91522877219663","ais","7712","21371","True","False","9999.99","e98ca5aba8849b06t","MEDIUM","","","","","e98ca5aba8849b06t_049.49721156325460214020_-04.30343568164774037399"
"49.4490624271573","-5.07989277637812","202.4101545769973","ais","8121","15734","True","False","9999.99","e98ca5aba8849b06t","MEDIUM","","","","","e98ca5aba8849b06t_049.44906242715730115833_-05.07989277637812008948"
"48.7094995065156","-5.63978416904097","133.92150363595331","ais","16214","11390","True","False","9999.99","e98ca5aba8849b06t","MEDIUM","","","","","e98ca5aba8849b06t_048.70949950651559845483_-05.63978416904097024087"
"49.2688926180619","-4.32105941711448","159.53345960434777","ais","10248","21199","True","False","9999.99","e98ca5aba8849b06t","MEDIUM","","","","","e98ca5aba8849b06t_049.26889261806189779236_-04.32105941711447982811"
"49.7002738260508","-3.50403169727167","152.2209155409458","ais","5524","27174","True","False","9999.99","e98ca5aba8849b06t","MEDIUM","","","","","e98ca5aba8849b06t_049.70027382605079679934_-03.50403169727167007608"
"49.6723404626071","-3.89853772115006","162.0","ais","5808","24326","True","False","9999.99","e98ca5aba8849b06t","MEDIUM","","","","","e98ca5aba8849b06t_049.67234046260710300658_-03.89853772115005980936"
"49.2720063734472","-5.6979906910343","24.95","ais","9947","11184","True","True","9999.99","e98ca5aba8849b06t","MEDIUM","","","","","e98ca5aba8849b06t_049.27200637344719780231_-05.69799069103429989269"
"49.4869097967774","-5.55653420902533","26.15","ais","7594","12294","True","True","9999.99","e98ca5aba8849b06t","MEDIUM","","","","","e98ca5aba8849b06t_049.48690979677739676390_-05.55653420902532957371"
"50.0444588584844","-6.40117310694988","12.96412915446383","ais","1155","6459","True","True","9.729137928242261","e98ca5aba8849b06t","MEDIUM","","","","","e98ca5aba8849b06t_050.04445885848439701249_-06.40117310694988006503"
"49.7232903971962","-6.07570998232494","14.99","ais","4826","8642","True","True","9999.99","e98ca5aba8849b06t","MEDIUM","","","","","e98ca5aba8849b06t_049.72329039719620169535_-06.07570998232494030589"
"49.2472289087385","-5.70340059366","24.99","ais","10221","11135","True","True","9999.99","e98ca5aba8849b06t","MEDIUM","","","","","e98ca5aba8849b06t_049.24722890873849934223_-05.70340059365999962893"
"49.5372281784084","-6.18897854424107","35.40458930439712","ais","6860","7738","True","True","9999.99","e98ca5aba8849b06t","MEDIUM","","","","","e98ca5aba8849b06t_049.53722817840839809378_-06.18897854424106963478"
"49.4408404540053","-5.51592144896849","22.82","ais","8116","12571","True","True","9999.99","e98ca5aba8849b06t","MEDIUM","","","","","e98ca5aba8849b06t_049.44084045400529703329_-05.51592144896848957103"
"48.6504385122501","-6.18613687053844","23.5","ais","16717","7344","True","True","9999.99","e98ca5aba8849b06t","MEDIUM","","","","","e98ca5aba8849b06t_048.65043851225009774453_-06.18613687053843985808"
"49.2296841895802","-5.72178991881113","24.99","ais","10411","10994","True","True","9999.99","e98ca5aba8849b06t","MEDIUM","","","","","e98ca5aba8849b06t_049.22968418958019753973_-05.72178991881112963824"
"49.3659285829344","-5.94133849384337","21.22","ais","8837","9455","True","True","9999.99","e98ca5aba8849b06t","MEDIUM","","","","","e98ca5aba8849b06t_049.36592858293440144735_-05.94133849384336976129"
"49.8282387839782","-5.67517251735206","24.5","ais","3770","11570","True","True","9999.99","e98ca5aba8849b06t","MEDIUM","","","","","e98ca5aba8849b06t_049.82823878397820038799_-05.67517251735205974228"
"49.9464109347748","-5.48680236563628","17.641138882290736","ais","2503","12968","True","True","9999.99","e98ca5aba8849b06t","MEDIUM","","","","","e98ca5aba8849b06t_049.94641093477480353613_-05.48680236563628032087"
"49.909215206732","-5.53450496170318","9.88","ais","2905","12612","True","True","9999.99","e98ca5aba8849b06t","MEDIUM","","","","","e98ca5aba8849b06t_049.90921520673200006968_-05.53450496170318029243"
"48.6553780717231","-6.23448536310645","22.0","ais","16647","6990","True","True","9999.99","e98ca5aba8849b06t","MEDIUM","","","","","e98ca5aba8849b06t_048.65537807172309925363_-06.23448536310645007319"
"49.5109483977691","-5.86644175657498","22.5","ais","7246","10060","True","True","9999.99","e98ca5aba8849b06t","MEDIUM","","","","","e98ca5aba8849b06t_049.51094839776909850571_-05.86644175657497957133"
"49.3227055528266","-5.8821920866547","23.33","ais","9334","9866","True","True","9999.99","e98ca5aba8849b06t","MEDIUM","","","","","e98ca5aba8849b06t_049.32270555282659785235_-05.88219208665470016939"
"49.4598409578167","-4.04093077979596","18.35","ais","8157","23266","True","True","9999.99","e98ca5aba8849b06t","MEDIUM","","","","","e98ca5aba8849b06t_049.45984095781670220049_-04.04093077979595971527"
"49.7244899780066","-5.56497190715191","22.25","ais","4951","12323","True","True","9999.99","e98ca5aba8849b06t","MEDIUM","","","","","e98ca5aba8849b06t_049.72448997800660208668_-05.56497190715190992449"
"49.4358238774251","-5.63524100413102","22.21","ais","8142","11704","True","True","9999.99","e98ca5aba8849b06t","MEDIUM","","","","","e98ca5aba8849b06t_049.43582387742510064754_-05.63524100413101969309"
"49.706932886677","-5.76865478754826","12.95","ais","5094","10848","True","True","9999.99","e98ca5aba8849b06t","MEDIUM","","","","","e98ca5aba8849b06t_049.70693288667700215910_-05.76865478754826010999"
"48.5511090723352","-4.93103414676561","13.6","ais","18131","16559","True","True","9999.99","e98ca5aba8849b06t","MEDIUM","","","","","e98ca5aba8849b06t_048.55110907233520123327_-04.93103414676560980467"
"49.0752605897165","-5.27130342927463","23.93","ais","12236","14222","True","True","9999.99","e98ca5aba8849b06t","MEDIUM","","","","","e98ca5aba8849b06t_049.07526058971649973728_-05.27130342927462969271"
"49.5101883884423","-5.60142110647079","22.75","ais","7324","11978","True","True","9999.99","e98ca5aba8849b06t","MEDIUM","","","","","e98ca5aba8849b06t_049.51018838844230174345_-05.60142110647078972363"
"49.4850536850342","-5.65876015093322","27.971365091884905","ais","7589","11553","True","True","9999.99","e98ca5aba8849b06t","MEDIUM","","","","","e98ca5aba8849b06t_049.48505368503420243087_-05.65876015093321971250"
"49.7426359454554","-6.28333661667299","18.198779415547623","ais","4548","7155","True","True","9999.99","e98ca5aba8849b06t","MEDIUM","","","","","e98ca5aba8849b06t_049.74263594545539746150_-06.28333661667299026021"
"48.639316156941","-5.73305388045738","24.95","ais","16970","10676","True","True","9999.99","e98ca5aba8849b06t","MEDIUM","","","","","e98ca5aba8849b06t_048.63931615694099974689_-05.73305388045737984726"
"43.591516966776","-4.40928966436263","106.5365960418381","ais","13140","15661","True","False","9999.99","cbe4ad26fe73f118t","MEDIUM","","","","","cbe4ad26fe73f118t_043.59151696677599829854_-04.40928966436263003459"
"43.6091713807677","-5.70148308875753","166.0949729388456","ais","12686","5236","True","False","3.8316312651899387","cbe4ad26fe73f118t","MEDIUM","","","","","cbe4ad26fe73f118t_043.60917138076769816735_-05.70148308875752984903"
"43.6027667982323","-5.97979098199009","80.57935658328071","ais","12680","2988","True","False","2.1428587553204297","cbe4ad26fe73f118t","MEDIUM","","","","","cbe4ad26fe73f118t_043.60276679823230239208_-05.97979098199008962666"
"43.382182042188","-3.12056918320618","92.04293224074864","ais","15561","26061","True","False","1.8499747471676753","cbe4ad26fe73f118t","MEDIUM","","","","","cbe4ad26fe73f118t_043.38218204218799911587_-03.12056918320618015272"
"43.6127889852007","-5.96661879737673","100.01839158802753","ais","12573","3098","True","False","2.557339085434979","cbe4ad26fe73f118t","MEDIUM","","","","","cbe4ad26fe73f118t_043.61278898520070157474_-05.96661879737673039870"
"43.6064438930726","-5.97053090895233","82.37340729324727","ais","12642","3064","True","False","2.485372062992006","cbe4ad26fe73f118t","MEDIUM","","","","","cbe4ad26fe73f118t_043.60644389307260126998_-05.97053090895233040669"
"43.620806656398","-5.66228363726557","21.3732856068625","ais","12567","5557","True","False","6.025409107243202","cbe4ad26fe73f118t","MEDIUM","","","","","cbe4ad26fe73f118t_043.62080665639800258759_-05.66228363726556960245"
"43.667725958794","-5.75778453021878","20.12773024172","ais","12021","4804","True","False","4.390840789114","cbe4ad26fe73f118t","MEDIUM","","","","","cbe4ad26fe73f118t_043.66772595879400142849_-05.75778453021878000584"
"43.3775899225905","-3.14208272139575","96.05046792365216","ais","15612","25886","True","False","2.13338760728808","cbe4ad26fe73f118t","MEDIUM","","","","","cbe4ad26fe73f118t_043.37758992259050216944_-03.14208272139575006676"
"43.6893293671056","-4.69985916112669","67.25310942447409","ais","12010","13338","True","False","9999.99","cbe4ad26fe73f118t","MEDIUM","","","","","cbe4ad26fe73f118t_043.68932936710559999938_-04.69985916112668977718"
"43.3919129194884","-3.1105762923038","182.25993796447472","ais","15453","26142","True","False","2.6364156063080237","cbe4ad26fe73f118t","MEDIUM","","","","","cbe4ad26fe73f118t_043.39191291948839790393_-03.11057629230379983909"
"43.6755564129268","-4.94766565014424","147.85617827424696","ais","12119","11337","True","False","9999.99","cbe4ad26fe73f118t","MEDIUM","","","","","cbe4ad26fe73f118t_043.67555641292680235210_-04.94766565014424042346"
"43.6238178515142","-4.71548790354137","30.5","ais","12735","13197","True","True","9999.99","cbe4ad26fe73f118t","MEDIUM","","","","","cbe4ad26fe73f118t_043.62381785151419677504_-04.71548790354137015157"
"43.6202300760993","-4.72122471605379","37.0","ais","12774","13150","True","True","9999.99","cbe4ad26fe73f118t","MEDIUM","","","","","cbe4ad26fe73f118t_043.62023007609929692308_-04.72122471605378990489"
"43.5655944983096","-4.41021227464028","15.010000115","ais","13428","15649","True","True","9999.99","cbe4ad26fe73f118t","MEDIUM","","","","","cbe4ad26fe73f118t_043.56559449830960062400_-04.41021227464027987253"
"43.6495737478581","-3.82327581120051","31.0","ais","12559","20398","True","True","9999.99","cbe4ad26fe73f118t","MEDIUM","","","","","cbe4ad26fe73f118t_043.64957374785809918194_-03.82327581120051007701"
"43.618390605922","-4.77606124985678","35.5","ais","12785","12707","True","True","9999.99","cbe4ad26fe73f118t","MEDIUM","","","","","cbe4ad26fe73f118t_043.61839060592200212341_-04.77606124985678004435"
"43.6027844048908","-4.71910261997541","32.0","ais","12968","13163","True","True","9999.99","cbe4ad26fe73f118t","MEDIUM","","","","","cbe4ad26fe73f118t_043.60278440489079798681_-04.71910261997541002899"
"43.603781885438","-4.70661671167271","32.5","ais","12959","13264","True","True","9999.99","cbe4ad26fe73f118t","MEDIUM","","","","","cbe4ad26fe73f118t_043.60378188543800348498_-04.70661671167270956317"
"43.6262671510366","-4.73811653760582","28.0","ais","12704","13015","True","True","9999.99","cbe4ad26fe73f118t","MEDIUM","","","","","cbe4ad26fe73f118t_043.62626715103660046680_-04.73811653760582007777"
"43.6326597402567","-3.96005156348734","33.0","ais","12735","19293","True","True","9999.99","cbe4ad26fe73f118t","MEDIUM","","","","","cbe4ad26fe73f118t_043.63265974025669891034_-03.96005156348733988736"
"43.4245830569743","-4.62757363594426","23.72666659","ais","14962","13863","True","True","2.075859192952324","cbe4ad26fe73f118t","MEDIUM","","","","","cbe4ad26fe73f118t_043.42458305697429921111_-04.62757363594425985553"
"43.616904122436","-4.70215458197123","31.5","ais","12814","13303","True","True","9999.99","cbe4ad26fe73f118t","MEDIUM","","","","","cbe4ad26fe73f118t_043.61690412243599723752_-04.70215458197122959660"
"43.5514668777336","-4.245836678585","26.0575000575","ais","13606","16974","True","True","9999.99","cbe4ad26fe73f118t","MEDIUM","","","","","cbe4ad26fe73f118t_043.55146687773360270057_-04.24583667858500035663"
"43.6186891149893","-3.94977813826755","34.799999619999994","ais","12891","19374","True","True","9999.99","cbe4ad26fe73f118t","MEDIUM","","","","","cbe4ad26fe73f118t_043.61868911498930145854_-03.94977813826755008719"
"43.6230002114916","-4.78648429488957","37.0","ais","12732","12624","True","True","9999.99","cbe4ad26fe73f118t","MEDIUM","","","","","cbe4ad26fe73f118t_043.62300021149160045297_-04.78648429488957027900"
"43.6151303701586","-4.6759558208167","30.0","ais","12838","13514","True","True","9999.99","cbe4ad26fe73f118t","MEDIUM","","","","","cbe4ad26fe73f118t_043.61513037015860305701_-04.67595582081670002594"
"43.5771718976574","-5.63757143638278","24.0","ais","13058","5741","True","True","2.1553283784895574","cbe4ad26fe73f118t","MEDIUM","","","","","cbe4ad26fe73f118t_043.57717189765740073426_-05.63757143638278002129"
"43.5926733033206","-3.79712835870921","16.0","ais","13193","20603","True","True","9999.99","cbe4ad26fe73f118t","MEDIUM","","","","","cbe4ad26fe73f118t_043.59267330332060197406_-03.79712835870921017190"
"43.6290273326","-5.07461105175434","11.98","ais","12611","10301","True","True","9999.99","cbe4ad26fe73f118t","MEDIUM","","","","","cbe4ad26fe73f118t_043.62902733260000331938_-05.07461105175434035175"
"43.5753409857784","-4.25377341691448","30.862500095","ais","13340","16914","True","True","9999.99","cbe4ad26fe73f118t","MEDIUM","","","","","cbe4ad26fe73f118t_043.57534098577840353528_-04.25377341691447963257"
"43.589591350894","-5.56265163884311","27.575000000000003","ais","12939","6350","True","True","3.7980751805276003","cbe4ad26fe73f118t","MEDIUM","","","","","cbe4ad26fe73f118t_043.58959135089399694607_-05.56265163884310975817"
"43.6538395223653","-5.0816656760617","17.79999962","ais","12334","10251","True","True","9999.99","cbe4ad26fe73f118t","MEDIUM","","","","","cbe4ad26fe73f118t_043.65383952236530262780_-05.08166567606170005433"
"43.6521141709884","-3.97003385794539","29.866666793333334","ais","12518","19215","True","True","9999.99","cbe4ad26fe73f118t","MEDIUM","","","","","cbe4ad26fe73f118t_043.65211417098839774553_-03.97003385794539020992"
"43.6351626231712","-4.70948828846038","29.75","ais","12610","13248","True","True","9999.99","cbe4ad26fe73f118t","MEDIUM","","","","","cbe4ad26fe73f118t_043.63516262317119753789_-04.70948828846038036744"
"43.6418970760587","-3.06143174635999","28.5","ais","12677","26542","True","True","9999.99","cbe4ad26fe73f118t","MEDIUM","","","","","cbe4ad26fe73f118t_043.64189707605869728013_-03.06143174635999004707"
"43.812063608642","-5.4307148681805","29.5","ais","10500","7488","True","True","9999.99","cbe4ad26fe73f118t","MEDIUM","","","","","cbe4ad26fe73f118t_043.81206360864199922389_-05.43071486818049997680"
"43.5222254418433","-3.16057433413139","28.0","ais","14005","25740","True","True","9999.99","cbe4ad26fe73f118t","MEDIUM","","","","","cbe4ad26fe73f118t_043.52222544184329677819_-03.16057433413139010625"
"43.5956589030449","-4.73712491785385","33.0","ais","13044","13016","True","True","9999.99","cbe4ad26fe73f118t","MEDIUM","","","","","cbe4ad26fe73f118t_043.59565890304489954588_-04.73712491785385036991"
"43.6793415628384","-5.13530095197664","14.95","ais","12040","9826","True","True","9999.99","cbe4ad26fe73f118t","MEDIUM","","","","","cbe4ad26fe73f118t_043.67934156283840252399_-05.13530095197663971618"
"43.6253667222099","-4.76164078385557","33.5","ais","12710","12825","True","True","9999.99","cbe4ad26fe73f118t","MEDIUM","","","","","cbe4ad26fe73f118t_043.62536672220989686366_-04.76164078385556965856"
"43.6053045091101","-4.7071553980807","31.5","ais","12942","13260","True","True","9999.99","cbe4ad26fe73f118t","MEDIUM","","","","","cbe4ad26fe73f118t_043.60530450911009836545_-04.70715539808070015937"
"43.613852775162","-4.70752118628856","27.19333351","ais","12847","13259","True","True","9999.99","cbe4ad26fe73f118t","MEDIUM","","","","","cbe4ad26fe73f118t_043.61385277516200176251_-04.70752118628856042193"
"43.6088878133654","-4.77749819045688","36.0","ais","12890","12693","True","True","9999.99","cbe4ad26fe73f118t","MEDIUM","","","","","cbe4ad26fe73f118t_043.60888781336539921085_-04.77749819045688006725"
"43.4893723883598","-3.32445262505114","30.0","ais","14366","24414","True","True","7.550690602067851","cbe4ad26fe73f118t","MEDIUM","","","","","cbe4ad26fe73f118t_043.48937238835979712803_-03.32445262505114014218"
"43.6137154193154","-5.37110227962209","23.5","ais","12717","7904","True","True","6.7287765132232655","cbe4ad26fe73f118t","MEDIUM","","","","","cbe4ad26fe73f118t_043.61371541931539752568_-05.37110227962209041408"
"43.636100907365","-4.75451620484383","30.866666793333334","ais","12592","12885","True","True","9999.99","cbe4ad26fe73f118t","MEDIUM","","","","","cbe4ad26fe73f118t_043.63610090736499813602_-04.75451620484382964094"
"43.5915871300199","-3.83711391356259","31.600000190000003","ais","13202","20280","True","True","9999.99","cbe4ad26fe73f118t","MEDIUM","","","","","cbe4ad26fe73f118t_043.59158713001990292923_-03.83711391356259001739"
"43.6191070912746","-4.74644799090538","33.5","ais","12782","12946","True","True","9999.99","cbe4ad26fe73f118t","MEDIUM","","","","","cbe4ad26fe73f118t_043.61910709127459995216_-04.74644799090537983233"
"43.8679944517673","-5.39227401320956","32.2","ais","9888","7815","True","True","9999.99","cbe4ad26fe73f118t","MEDIUM","","","","","cbe4ad26fe73f118t_043.86799445176730216645_-05.39227401320956012398"
"43.6011921442836","-5.37109670245765","23.5","ais","12856","7900","True","True","5.476181517601613","cbe4ad26fe73f118t","MEDIUM","","","","","cbe4ad26fe73f118t_043.60119214428360123748_-05.37109670245764991847"
"43.5734820221816","-5.64917489676718","27.126666463333333","ais","13096","5646","True","True","2.3495383119006408","cbe4ad26fe73f118t","MEDIUM","","","","","cbe4ad26fe73f118t_043.57348202218160082566_-05.64917489676717998748"
"43.5573738622879","-4.61628724464887","10.46","ais","13489","13983","True","True","9999.99","cbe4ad26fe73f118t","MEDIUM","","","","","cbe4ad26fe73f118t_043.55737386228790342102_-04.61628724464886985857"
"43.5914065688221","-5.53374441319833","26.0","ais","12926","6584","True","True","4.090041021270284","cbe4ad26fe73f118t","MEDIUM","","","","","cbe4ad26fe73f118t_043.59140656882210151934_-05.53374441319833021424"
"43.6067136986343","-5.4927767273545","28.0","ais","12766","6920","True","True","5.626084085576076","cbe4ad26fe73f118t","MEDIUM","","","","","cbe4ad26fe73f118t_043.60671369863430157920_-05.49277672735450028796"
"43.5510650657261","-4.5517444559375","15.97","ais","13569","14503","True","True","9999.99","cbe4ad26fe73f118t","MEDIUM","","","","","cbe4ad26fe73f118t_043.55106506572609958994_-04.55174445593750043315"
"43.6287233041311","-4.70657870592383","36.0","ais","12682","13270","True","True","9999.99","cbe4ad26fe73f118t","MEDIUM","","","","","cbe4ad26fe73f118t_043.62872330413109978053_-04.70657870592382998609"
"43.6103769301546","-3.91025307892887","35.599999235","ais","12987","19692","True","True","9999.99","cbe4ad26fe73f118t","MEDIUM","","","","","cbe4ad26fe73f118t_043.61037693015460092738_-03.91025307892887008521"
"43.6082860800059","-4.75990291956618","36.200000380000006","ais","12900","12835","True","True","9999.99","cbe4ad26fe73f118t","MEDIUM","","","","","cbe4ad26fe73f118t_043.60828608000589667881_-04.75990291956617994629"
"43.6092164581485","-5.37962411606579","27.126666463333333","ais","12765","7834","True","True","6.016098851208972","cbe4ad26fe73f118t","MEDIUM","","","","","cbe4ad26fe73f118t_043.60921645814850222678_-05.37962411606578960743"
"43.5675253229413","-3.76138067710096","32.5","ais","13475","20889","True","True","8.311669576898721","cbe4ad26fe73f118t","MEDIUM","","","","","cbe4ad26fe73f118t_043.56752532294130020318_-03.76138067710096013485"
"43.5253503296396","-4.38056234732916","27.5","ais","13879","15881","True","True","9999.99","cbe4ad26fe73f118t","MEDIUM","","","","","cbe4ad26fe73f118t_043.52535032963960048846_-04.38056234732916038865"
"43.6166771398437","-4.77043393053864","34.400000765","ais","12805","12752","True","True","9999.99","cbe4ad26fe73f118t","MEDIUM","","","","","cbe4ad26fe73f118t_043.61667713984370209346_-04.77043393053863962194"
"43.4445700551165","-4.35044084172522","19.0","ais","14780","16110","True","True","3.7921014191663462","cbe4ad26fe73f118t","MEDIUM","","","","","cbe4ad26fe73f118t_043.44457005511650038443_-04.35044084172522005360"
"43.6222689319664","-3.96434817062011","29.866666793333334","ais","12850","19257","True","True","9999.99","cbe4ad26fe73f118t","MEDIUM","","","","","cbe4ad26fe73f118t_043.62226893196640276074_-03.96434817062010980138"
"43.6009395133012","-5.55142040173254","28.38000028","ais","12816","6444","True","True","5.086277808898632","cbe4ad26fe73f118t","MEDIUM","","","","","cbe4ad26fe73f118t_043.60093951330119921295_-05.55142040173253992208"
"43.5892687179357","-5.40678500662308","27.566666413333333","ais","12980","7608","True","True","3.404697313683394","cbe4ad26fe73f118t","MEDIUM","","","","","cbe4ad26fe73f118t_043.58926871793570256841_-05.40678500662308003655"
"43.4466924599247","-3.29073268179156","27.5","ais","14841","24685","True","True","3.927681509666959","cbe4ad26fe73f118t","MEDIUM","","","","","cbe4ad26fe73f118t_043.44669245992469797102_-03.29073268179155986601"
"41.9166818986661","19.0037953871378","143.43348644027805","ais","18137","19271","True","False","9999.99","05bc615a9b0e1159t","MEDIUM","","","","","05bc615a9b0e1159t_041.91668189866609850469_019.00379538713779936643"
"41.9141488755315","18.7322174382634","27.981306124918184","ais","18109","17018","True","False","9999.99","05bc615a9b0e1159t","MEDIUM","","","","","05bc615a9b0e1159t_041.91414887553150236954_018.73221743826340102146"
"42.5308667718933","18.1892640669473","64.15419101736667","ais","11127","12741","True","False","4.737120690715618","05bc615a9b0e1159t","MEDIUM","","","","","05bc615a9b0e1159t_042.53086677189330089277_018.18926406694729891456"
"42.0309028199378","18.3127821048308","29.02609468759","ais","16712","13580","True","False","9999.99","05bc615a9b0e1159t","MEDIUM","","","","","05bc615a9b0e1159t_042.03090281993780052971_018.31278210483079860182"
"42.1058560582737","18.9349910502316","91.49452669574222","ais","16023","18751","True","False","6.713856856737464","05bc615a9b0e1159t","MEDIUM","","","","","05bc615a9b0e1159t_042.10585605827370159204_018.93499105023159856387"
"42.2299001368137","18.2846115407255","19.476914180816667","ais","14495","13417","True","False","9999.99","05bc615a9b0e1159t","MEDIUM","","","","","05bc615a9b0e1159t_042.22990013681369703136_018.28461154072549987859"
"42.0525032245519","18.1946919136106","26.37203552862","ais","16441","12610","True","False","9999.99","05bc615a9b0e1159t","MEDIUM","","","","","05bc615a9b0e1159t_042.05250322455189859738_018.19469191361060111944"
"43.0817353128337","17.0423223107673","106.71086319122332","ais","4633","3607","True","False","3.4181733663821015","05bc615a9b0e1159t","MEDIUM","","","","","05bc615a9b0e1159t_043.08173531283370039091_017.04232231076730030850"
"42.8861120384177","17.2391965683108","13.682758753062496","ais","6879","5113","True","False","4.739574096137543","05bc615a9b0e1159t","MEDIUM","","","","","05bc615a9b0e1159t_042.88611203841769992096_017.23919656831079905146"
"42.8558577844458","17.1047038135333","14.366960052945451","ais","7165","3999","True","False","5.731161286882975","05bc615a9b0e1159t","MEDIUM","","","","","05bc615a9b0e1159t_042.85585778444580284940_017.10470381353329827334"
"42.0780216277345","18.5887135845558","19.620043813103337","ais","16257","15879","True","True","9999.99","05bc615a9b0e1159t","MEDIUM","","","","","05bc615a9b0e1159t_042.07802162773450049826_018.58871358455580136138"
"42.4481335643366","18.0383401748131","26.0","ais","12004","11469","True","True","9999.99","05bc615a9b0e1159t","MEDIUM","","","","","05bc615a9b0e1159t_042.44813356433660089806_018.03834017481310070252"
"42.4666858020657","17.9029479572576","17.9","ais","11758","10363","True","True","9999.99","05bc615a9b0e1159t","MEDIUM","","","","","05bc615a9b0e1159t_042.46668580206569743041_017.90294795725759868787"
"42.6877801669977","17.5039674746727","21.997312245414285","ais","9175","7184","True","True","4.929210318788426","05bc615a9b0e1159t","MEDIUM","","","","","05bc615a9b0e1159t_042.68778016699769750630_017.50396747467269875642"
"42.4400861198665","18.0556048052657","25.6","ais","12098","11608","True","True","9999.99","05bc615a9b0e1159t","MEDIUM","","","","","05bc615a9b0e1159t_042.44008611986649981418_018.05560480526569833160"
